date,symbol,close,source
2025-06-18,Brent Crude,76.69999694824219,yfinance
2025-06-20,Brent Crude,77.01000213623047,yfinance
2025-06-23,Brent Crude,71.4800033569336,yfinance
2025-06-24,Brent Crude,67.13999938964844,yfinance
2025-06-25,Brent Crude,67.68000030517578,yfinance
2025-06-26,Brent Crude,67.7300033569336,yfinance
2025-06-27,Brent Crude,67.7699966430664,yfinance
2025-06-30,Brent Crude,67.61000061035156,yfinance
2025-07-01,Brent Crude,67.11000061035156,yfinance
2025-07-02,Brent Crude,69.11000061035156,yfinance
2025-07-03,Brent Crude,68.80000305175781,yfinance
2025-07-04,Brent Crude,68.29000091552734,yfinance
2025-07-07,Brent Crude,69.58000183105469,yfinance
2025-07-08,Brent Crude,70.1500015258789,yfinance
2025-07-09,Brent Crude,70.19000244140625,yfinance
2025-07-10,Brent Crude,68.63999938964844,yfinance
2025-07-11,Brent Crude,70.36000061035156,yfinance
2025-07-14,Brent Crude,69.20999908447266,yfinance
2025-07-15,Brent Crude,68.70999908447266,yfinance
2025-07-16,Brent Crude,68.5199966430664,yfinance
2025-07-17,Brent Crude,69.5199966430664,yfinance
2025-07-18,Brent Crude,69.27999877929688,yfinance
2025-07-21,Brent Crude,69.20999908447266,yfinance
2025-07-22,Brent Crude,68.58999633789062,yfinance
2025-07-23,Brent Crude,68.51000213623047,yfinance
2025-07-24,Brent Crude,69.18000030517578,yfinance
2025-07-25,Brent Crude,68.44000244140625,yfinance
2025-07-28,Brent Crude,70.04000091552734,yfinance
2025-07-29,Brent Crude,72.51000213623047,yfinance
2025-07-30,Brent Crude,73.23999786376953,yfinance
2025-07-31,Brent Crude,72.52999877929688,yfinance
2025-08-01,Brent Crude,69.66999816894531,yfinance
2025-08-04,Brent Crude,68.76000213623047,yfinance
2025-08-05,Brent Crude,67.63999938964844,yfinance
2025-08-06,Brent Crude,66.88999938964844,yfinance
2025-08-07,Brent Crude,66.43000030517578,yfinance
2025-08-08,Brent Crude,66.58999633789062,yfinance
2025-08-11,Brent Crude,66.62999725341797,yfinance
2025-08-12,Brent Crude,66.12000274658203,yfinance
2025-08-13,Brent Crude,65.62999725341797,yfinance
2025-08-14,Brent Crude,66.83999633789062,yfinance
2025-08-15,Brent Crude,65.8499984741211,yfinance
2025-08-18,Brent Crude,66.5999984741211,yfinance
2025-08-19,Brent Crude,65.79000091552734,yfinance
2025-08-20,Brent Crude,66.83999633789062,yfinance
2025-08-21,Brent Crude,67.66999816894531,yfinance
2025-08-22,Brent Crude,67.7300033569336,yfinance
2025-08-25,Brent Crude,68.80000305175781,yfinance
2025-08-26,Brent Crude,67.22000122070312,yfinance
2025-08-27,Brent Crude,68.05000305175781,yfinance
2025-08-28,Brent Crude,68.62000274658203,yfinance
2025-08-29,Brent Crude,68.12000274658203,yfinance
2025-09-02,Brent Crude,69.13999938964844,yfinance
2025-09-03,Brent Crude,67.5999984741211,yfinance
2025-09-04,Brent Crude,66.98999786376953,yfinance
2025-09-05,Brent Crude,65.5,yfinance
2025-09-08,Brent Crude,66.0199966430664,yfinance
2025-09-09,Brent Crude,66.38999938964844,yfinance
2025-09-10,Brent Crude,67.48999786376953,yfinance
2025-09-11,Brent Crude,66.37000274658203,yfinance
2025-09-12,Brent Crude,66.98999786376953,yfinance
2025-09-15,Brent Crude,67.44000244140625,yfinance
2025-09-16,Brent Crude,68.47000122070312,yfinance
2025-09-17,Brent Crude,67.94999694824219,yfinance
2025-09-18,Brent Crude,67.44000244140625,yfinance
2025-09-19,Brent Crude,66.68000030517578,yfinance
2025-09-22,Brent Crude,66.56999969482422,yfinance
2025-09-23,Brent Crude,67.62999725341797,yfinance
2025-09-24,Brent Crude,69.30999755859375,yfinance
2025-09-25,Brent Crude,69.41999816894531,yfinance
2025-09-26,Brent Crude,70.12999725341797,yfinance
2025-09-29,Brent Crude,67.97000122070312,yfinance
2025-09-30,Brent Crude,67.0199966430664,yfinance
2025-10-01,Brent Crude,65.3499984741211,yfinance
2025-10-02,Brent Crude,64.11000061035156,yfinance
2025-10-03,Brent Crude,64.52999877929688,yfinance
2025-10-06,Brent Crude,65.47000122070312,yfinance
2025-10-07,Brent Crude,65.44999694824219,yfinance
2025-10-08,Brent Crude,66.25,yfinance
2025-10-09,Brent Crude,65.22000122070312,yfinance
2025-10-10,Brent Crude,62.72999954223633,yfinance
2025-10-13,Brent Crude,63.31999969482422,yfinance
2025-10-14,Brent Crude,62.38999938964844,yfinance
2025-10-15,Brent Crude,61.90999984741211,yfinance
2025-10-16,Brent Crude,61.060001373291016,yfinance
2025-10-17,Brent Crude,61.290000915527344,yfinance
2025-10-20,Brent Crude,61.0099983215332,yfinance
2025-10-21,Brent Crude,61.31999969482422,yfinance
2025-10-22,Brent Crude,62.59000015258789,yfinance
2025-10-23,Brent Crude,65.98999786376953,yfinance
2025-10-24,Brent Crude,65.94000244140625,yfinance
2025-10-27,Brent Crude,65.62000274658203,yfinance
2025-10-28,Brent Crude,64.4000015258789,yfinance
2025-10-29,Brent Crude,64.91999816894531,yfinance
2025-10-30,Brent Crude,65.0,yfinance
2025-10-31,Brent Crude,65.06999969482422,yfinance
2025-11-03,Brent Crude,64.88999938964844,yfinance
2025-11-04,Brent Crude,64.44000244140625,yfinance
2025-11-05,Brent Crude,63.52000045776367,yfinance
2025-11-06,Brent Crude,63.380001068115234,yfinance
2025-11-07,Brent Crude,63.630001068115234,yfinance
2025-11-10,Brent Crude,64.05999755859375,yfinance
2025-11-11,Brent Crude,65.16000366210938,yfinance
2025-11-12,Brent Crude,62.709999084472656,yfinance
2025-11-13,Brent Crude,63.0099983215332,yfinance
2025-11-14,Brent Crude,64.38999938964844,yfinance
2025-11-17,Brent Crude,64.19999694824219,yfinance
2025-11-18,Brent Crude,64.88999938964844,yfinance
2025-11-19,Brent Crude,63.5099983215332,yfinance
2025-11-20,Brent Crude,63.380001068115234,yfinance
2025-11-21,Brent Crude,62.560001373291016,yfinance
2025-11-24,Brent Crude,63.369998931884766,yfinance
2025-11-25,Brent Crude,62.47999954223633,yfinance
2025-11-26,Brent Crude,63.130001068115234,yfinance
2025-11-28,Brent Crude,63.20000076293945,yfinance
2025-12-01,Brent Crude,63.16999816894531,yfinance
2025-12-02,Brent Crude,62.45000076293945,yfinance
2025-12-03,Brent Crude,62.66999816894531,yfinance
2025-12-04,Brent Crude,63.2599983215332,yfinance
2025-12-05,Brent Crude,63.75,yfinance
2025-12-08,Brent Crude,62.4900016784668,yfinance
2025-12-09,Brent Crude,61.939998626708984,yfinance
2025-12-10,Brent Crude,62.209999084472656,yfinance
2025-12-11,Brent Crude,61.279998779296875,yfinance
2025-12-12,Brent Crude,61.119998931884766,yfinance
2025-12-15,Brent Crude,60.560001373291016,yfinance
2025-12-16,Brent Crude,58.91999816894531,yfinance
2025-12-17,Brent Crude,59.68000030517578,yfinance
2025-12-18,Brent Crude,59.81999969482422,yfinance
2025-12-19,Brent Crude,60.470001220703125,yfinance
2025-12-22,Brent Crude,62.06999969482422,yfinance
2025-12-23,Brent Crude,62.380001068115234,yfinance
2025-12-24,Brent Crude,62.2400016784668,yfinance
2025-12-26,Brent Crude,60.63999938964844,yfinance
2025-12-29,Brent Crude,61.939998626708984,yfinance
2025-12-30,Brent Crude,61.91999816894531,yfinance
2025-12-31,Brent Crude,60.849998474121094,yfinance
2026-01-02,Brent Crude,60.75,yfinance
2026-01-05,Brent Crude,61.7599983215332,yfinance
2026-01-06,Brent Crude,60.70000076293945,yfinance
2026-01-07,Brent Crude,59.959999084472656,yfinance
2026-01-08,Brent Crude,61.9900016784668,yfinance
2026-01-09,Brent Crude,63.34000015258789,yfinance
2026-01-12,Brent Crude,63.869998931884766,yfinance
2026-01-13,Brent Crude,65.47000122070312,yfinance
2026-01-14,Brent Crude,66.5199966430664,yfinance
2026-01-15,Brent Crude,63.7599983215332,yfinance
2026-01-16,Brent Crude,64.12999725341797,yfinance
2026-01-20,Brent Crude,64.91999816894531,yfinance
2026-01-21,Brent Crude,65.23999786376953,yfinance
2026-01-22,Brent Crude,64.05999755859375,yfinance
2026-01-23,Brent Crude,65.87999725341797,yfinance
2026-01-26,Brent Crude,65.58999633789062,yfinance
2026-01-27,Brent Crude,67.56999969482422,yfinance
2026-01-28,Brent Crude,68.4000015258789,yfinance
2026-01-29,Brent Crude,70.70999908447266,yfinance
2026-01-30,Brent Crude,70.69000244140625,yfinance
2026-02-02,Brent Crude,66.30000305175781,yfinance
2026-02-03,Brent Crude,67.33000183105469,yfinance
2026-02-04,Brent Crude,69.45999908447266,yfinance
2026-02-05,Brent Crude,67.55000305175781,yfinance
2026-02-06,Brent Crude,68.05000305175781,yfinance
2026-02-09,Brent Crude,69.04000091552734,yfinance
2026-02-10,Brent Crude,68.80000305175781,yfinance
2026-02-11,Brent Crude,69.4000015258789,yfinance
2026-02-12,Brent Crude,67.5199966430664,yfinance
2026-02-13,Brent Crude,67.75,yfinance
2026-02-17,Brent Crude,67.41999816894531,yfinance
2026-02-18,Brent Crude,70.3499984741211,yfinance
2026-02-19,Brent Crude,71.66000366210938,yfinance
2026-02-20,Brent Crude,71.76000213623047,yfinance
2026-02-23,Brent Crude,71.48999786376953,yfinance
2026-02-24,Brent Crude,70.7699966430664,yfinance
2026-02-25,Brent Crude,70.8499984741211,yfinance
2026-02-26,Brent Crude,70.75,yfinance
2026-02-27,Brent Crude,72.4800033569336,yfinance
2026-03-02,Brent Crude,77.73999786376953,yfinance
2026-03-03,Brent Crude,81.4000015258789,yfinance
2026-03-04,Brent Crude,81.4000015258789,yfinance
2026-03-05,Brent Crude,85.41000366210938,yfinance
2026-03-06,Brent Crude,92.69000244140625,yfinance
2026-03-09,Brent Crude,98.95999908447266,yfinance
2026-03-10,Brent Crude,87.80000305175781,yfinance
2026-03-11,Brent Crude,91.9800033569336,yfinance
2026-03-12,Brent Crude,100.45999908447266,yfinance
2026-03-13,Brent Crude,103.13999938964844,yfinance
2026-03-16,Brent Crude,100.20999908447266,yfinance
2026-03-17,Brent Crude,103.41999816894531,yfinance
2026-03-18,Brent Crude,107.37999725341797,yfinance
2026-03-19,Brent Crude,108.6500015258789,yfinance
2026-03-20,Brent Crude,112.19000244140625,yfinance
2026-03-23,Brent Crude,99.94000244140625,yfinance
2026-03-24,Brent Crude,104.48999786376953,yfinance
2026-03-25,Brent Crude,102.22000122070312,yfinance
2026-03-26,Brent Crude,108.01000213623047,yfinance
2026-03-27,Brent Crude,112.56999969482422,yfinance
2026-03-30,Brent Crude,112.77999877929688,yfinance
2026-03-31,Brent Crude,118.3499984741211,yfinance
2026-04-01,Brent Crude,101.16000366210938,yfinance
2026-04-02,Brent Crude,109.02999877929688,yfinance
2026-04-06,Brent Crude,109.7699966430664,yfinance
2026-04-07,Brent Crude,109.2699966430664,yfinance
2026-04-08,Brent Crude,94.75,yfinance
2026-04-09,Brent Crude,95.91999816894531,yfinance
2026-04-10,Brent Crude,95.19999694824219,yfinance
2026-04-13,Brent Crude,99.36000061035156,yfinance
2026-04-14,Brent Crude,98.91000366210938,yfinance
2026-04-15,Brent Crude,94.94999694824219,yfinance
2026-04-16,Brent Crude,95.0999984741211,yfinance
2026-04-17,Brent Crude,91.69000244140625,yfinance
2026-04-20,Brent Crude,94.16999816894531,yfinance
2026-04-21,Brent Crude,94.88999938964844,yfinance
2026-04-22,Brent Crude,92.7699966430664,yfinance
2026-04-23,Brent Crude,103.19000244140625,yfinance
2026-04-24,Brent Crude,106.05999755859375,yfinance
2026-04-26,Brent Crude,100.27999877929688,yfinance
2026-04-27,Brent Crude,100.31999969482422,yfinance
2026-04-28,Brent Crude,102.68000030517578,yfinance
2026-04-29,Brent Crude,104.6500015258789,yfinance
2026-04-30,Brent Crude,113.9800033569336,yfinance
2025-06-18,DXY,98.91000366210938,yfinance
2025-06-20,DXY,98.70999908447266,yfinance
2025-06-23,DXY,98.41999816894531,yfinance
2025-06-24,DXY,97.86000061035156,yfinance
2025-06-25,DXY,97.68000030517578,yfinance
2025-06-26,DXY,97.1500015258789,yfinance
2025-06-27,DXY,97.4000015258789,yfinance
2025-06-30,DXY,96.87999725341797,yfinance
2025-07-01,DXY,96.81999969482422,yfinance
2025-07-02,DXY,96.77999877929688,yfinance
2025-07-03,DXY,97.18000030517578,yfinance
2025-07-07,DXY,97.4800033569336,yfinance
2025-07-08,DXY,97.51000213623047,yfinance
2025-07-09,DXY,97.47000122070312,yfinance
2025-07-10,DXY,97.6500015258789,yfinance
2025-07-11,DXY,97.8499984741211,yfinance
2025-07-14,DXY,98.08000183105469,yfinance
2025-07-15,DXY,98.62000274658203,yfinance
2025-07-16,DXY,98.38999938964844,yfinance
2025-07-17,DXY,98.7300033569336,yfinance
2025-07-18,DXY,98.4800033569336,yfinance
2025-07-21,DXY,97.8499984741211,yfinance
2025-07-22,DXY,97.38999938964844,yfinance
2025-07-23,DXY,97.20999908447266,yfinance
2025-07-24,DXY,97.37999725341797,yfinance
2025-07-25,DXY,97.6500015258789,yfinance
2025-07-28,DXY,98.66000366210938,yfinance
2025-07-29,DXY,98.91000366210938,yfinance
2025-07-30,DXY,99.94000244140625,yfinance
2025-07-31,DXY,100.02999877929688,yfinance
2025-08-01,DXY,98.69000244140625,yfinance
2025-08-04,DXY,98.77999877929688,yfinance
2025-08-05,DXY,98.77999877929688,yfinance
2025-08-06,DXY,98.18000030517578,yfinance
2025-08-07,DXY,98.4000015258789,yfinance
2025-08-08,DXY,98.18000030517578,yfinance
2025-08-11,DXY,98.5199966430664,yfinance
2025-08-12,DXY,98.0999984741211,yfinance
2025-08-13,DXY,97.83999633789062,yfinance
2025-08-14,DXY,98.25,yfinance
2025-08-15,DXY,97.8499984741211,yfinance
2025-08-18,DXY,98.16999816894531,yfinance
2025-08-19,DXY,98.2699966430664,yfinance
2025-08-20,DXY,98.22000122070312,yfinance
2025-08-21,DXY,98.62000274658203,yfinance
2025-08-22,DXY,97.72000122070312,yfinance
2025-08-25,DXY,98.43000030517578,yfinance
2025-08-26,DXY,98.2300033569336,yfinance
2025-08-27,DXY,98.2300033569336,yfinance
2025-08-28,DXY,97.80999755859375,yfinance
2025-08-29,DXY,97.7699966430664,yfinance
2025-09-02,DXY,98.4000015258789,yfinance
2025-09-03,DXY,98.13999938964844,yfinance
2025-09-04,DXY,98.3499984741211,yfinance
2025-09-05,DXY,97.7699966430664,yfinance
2025-09-08,DXY,97.44999694824219,yfinance
2025-09-09,DXY,97.79000091552734,yfinance
2025-09-10,DXY,97.77999877929688,yfinance
2025-09-11,DXY,97.54000091552734,yfinance
2025-09-12,DXY,97.55000305175781,yfinance
2025-09-15,DXY,97.30000305175781,yfinance
2025-09-16,DXY,96.62999725341797,yfinance
2025-09-17,DXY,96.87000274658203,yfinance
2025-09-18,DXY,97.3499984741211,yfinance
2025-09-19,DXY,97.63999938964844,yfinance
2025-09-22,DXY,97.33000183105469,yfinance
2025-09-23,DXY,97.26000213623047,yfinance
2025-09-24,DXY,97.87000274658203,yfinance
2025-09-25,DXY,98.55000305175781,yfinance
2025-09-26,DXY,98.1500015258789,yfinance
2025-09-29,DXY,97.91000366210938,yfinance
2025-09-30,DXY,97.7699966430664,yfinance
2025-10-01,DXY,97.70999908447266,yfinance
2025-10-02,DXY,97.8499984741211,yfinance
2025-10-03,DXY,97.72000122070312,yfinance
2025-10-06,DXY,98.11000061035156,yfinance
2025-10-07,DXY,98.58000183105469,yfinance
2025-10-08,DXY,98.8499984741211,yfinance
2025-10-09,DXY,99.54000091552734,yfinance
2025-10-10,DXY,98.9800033569336,yfinance
2025-10-13,DXY,99.2699966430664,yfinance
2025-10-14,DXY,99.05000305175781,yfinance
2025-10-15,DXY,98.79000091552734,yfinance
2025-10-16,DXY,98.38999938964844,yfinance
2025-10-17,DXY,98.43000030517578,yfinance
2025-10-20,DXY,98.58999633789062,yfinance
2025-10-21,DXY,98.93000030517578,yfinance
2025-10-22,DXY,98.9000015258789,yfinance
2025-10-23,DXY,98.94000244140625,yfinance
2025-10-24,DXY,98.94999694824219,yfinance
2025-10-27,DXY,98.77999877929688,yfinance
2025-10-28,DXY,98.69000244140625,yfinance
2025-10-29,DXY,99.22000122070312,yfinance
2025-10-30,DXY,99.52999877929688,yfinance
2025-10-31,DXY,99.80000305175781,yfinance
2025-11-03,DXY,99.87000274658203,yfinance
2025-11-04,DXY,100.22000122070312,yfinance
2025-11-05,DXY,100.19999694824219,yfinance
2025-11-06,DXY,99.7300033569336,yfinance
2025-11-07,DXY,99.5999984741211,yfinance
2025-11-10,DXY,99.62000274658203,yfinance
2025-11-11,DXY,99.45999908447266,yfinance
2025-11-12,DXY,99.4800033569336,yfinance
2025-11-13,DXY,99.18000030517578,yfinance
2025-11-14,DXY,99.2699966430664,yfinance
2025-11-17,DXY,99.58999633789062,yfinance
2025-11-18,DXY,99.55000305175781,yfinance
2025-11-19,DXY,100.2300033569336,yfinance
2025-11-20,DXY,100.16000366210938,yfinance
2025-11-21,DXY,100.18000030517578,yfinance
2025-11-24,DXY,100.13999938964844,yfinance
2025-11-25,DXY,99.66000366210938,yfinance
2025-11-26,DXY,99.5999984741211,yfinance
2025-11-28,DXY,99.45999908447266,yfinance
2025-12-01,DXY,99.41000366210938,yfinance
2025-12-02,DXY,99.36000061035156,yfinance
2025-12-03,DXY,98.8499984741211,yfinance
2025-12-04,DXY,98.98999786376953,yfinance
2025-12-05,DXY,98.98999786376953,yfinance
2025-12-08,DXY,99.08999633789062,yfinance
2025-12-09,DXY,99.22000122070312,yfinance
2025-12-10,DXY,98.79000091552734,yfinance
2025-12-11,DXY,98.3499984741211,yfinance
2025-12-12,DXY,98.4000015258789,yfinance
2025-12-15,DXY,98.1500015258789,yfinance
2025-12-16,DXY,98.1500015258789,yfinance
2025-12-17,DXY,98.37000274658203,yfinance
2025-12-18,DXY,98.43000030517578,yfinance
2025-12-19,DXY,98.5999984741211,yfinance
2025-12-22,DXY,98.29000091552734,yfinance
2025-12-23,DXY,97.94000244140625,yfinance
2025-12-24,DXY,97.9800033569336,yfinance
2025-12-26,DXY,98.0199966430664,yfinance
2025-12-29,DXY,98.04000091552734,yfinance
2025-12-30,DXY,98.23999786376953,yfinance
2025-12-31,DXY,98.27999877929688,yfinance
2026-01-02,DXY,98.41999816894531,yfinance
2026-01-05,DXY,98.2699966430664,yfinance
2026-01-06,DXY,98.58000183105469,yfinance
2026-01-07,DXY,98.68000030517578,yfinance
2026-01-08,DXY,98.93000030517578,yfinance
2026-01-09,DXY,99.12999725341797,yfinance
2026-01-12,DXY,98.86000061035156,yfinance
2026-01-13,DXY,99.12999725341797,yfinance
2026-01-14,DXY,99.12999725341797,yfinance
2026-01-15,DXY,99.31999969482422,yfinance
2026-01-16,DXY,99.38999938964844,yfinance
2026-01-20,DXY,98.63999938964844,yfinance
2026-01-21,DXY,98.76000213623047,yfinance
2026-01-22,DXY,98.36000061035156,yfinance
2026-01-23,DXY,97.5999984741211,yfinance
2026-01-26,DXY,97.04000091552734,yfinance
2026-01-27,DXY,96.22000122070312,yfinance
2026-01-28,DXY,96.44999694824219,yfinance
2026-01-29,DXY,96.27999877929688,yfinance
2026-01-30,DXY,96.98999786376953,yfinance
2026-02-02,DXY,97.61000061035156,yfinance
2026-02-03,DXY,97.44000244140625,yfinance
2026-02-04,DXY,97.62000274658203,yfinance
2026-02-05,DXY,97.81999969482422,yfinance
2026-02-06,DXY,97.62999725341797,yfinance
2026-02-09,DXY,96.81999969482422,yfinance
2026-02-10,DXY,96.80000305175781,yfinance
2026-02-11,DXY,96.83000183105469,yfinance
2026-02-12,DXY,96.93000030517578,yfinance
2026-02-13,DXY,96.87999725341797,yfinance
2026-02-17,DXY,97.16000366210938,yfinance
2026-02-18,DXY,97.69999694824219,yfinance
2026-02-19,DXY,97.93000030517578,yfinance
2026-02-20,DXY,97.80000305175781,yfinance
2026-02-23,DXY,97.69999694824219,yfinance
2026-02-24,DXY,97.87999725341797,yfinance
2026-02-25,DXY,97.69999694824219,yfinance
2026-02-26,DXY,97.79000091552734,yfinance
2026-02-27,DXY,97.61000061035156,yfinance
2026-03-02,DXY,98.37999725341797,yfinance
2026-03-03,DXY,99.05000305175781,yfinance
2026-03-04,DXY,98.7699966430664,yfinance
2026-03-05,DXY,99.31999969482422,yfinance
2026-03-06,DXY,98.98999786376953,yfinance
2026-03-09,DXY,99.18000030517578,yfinance
2026-03-10,DXY,98.83000183105469,yfinance
2026-03-11,DXY,99.2300033569336,yfinance
2026-03-12,DXY,99.73999786376953,yfinance
2026-03-13,DXY,100.36000061035156,yfinance
2026-03-16,DXY,99.70999908447266,yfinance
2026-03-17,DXY,99.58000183105469,yfinance
2026-03-18,DXY,100.08999633789062,yfinance
2026-03-19,DXY,99.2300033569336,yfinance
2026-03-20,DXY,99.6500015258789,yfinance
2026-03-23,DXY,98.94999694824219,yfinance
2026-03-24,DXY,99.43000030517578,yfinance
2026-03-25,DXY,99.5999984741211,yfinance
2026-03-26,DXY,99.9000015258789,yfinance
2026-03-27,DXY,100.1500015258789,yfinance
2026-03-30,DXY,100.51000213623047,yfinance
2026-03-31,DXY,99.95999908447266,yfinance
2026-04-01,DXY,99.6500015258789,yfinance
2026-04-02,DXY,100.02999877929688,yfinance
2026-04-06,DXY,99.9800033569336,yfinance
2026-04-07,DXY,99.63999938964844,yfinance
2026-04-08,DXY,99.12999725341797,yfinance
2026-04-09,DXY,98.81999969482422,yfinance
2026-04-10,DXY,98.6500015258789,yfinance
2026-04-13,DXY,98.37000274658203,yfinance
2026-04-14,DXY,98.0979995727539,yfinance
2026-04-15,DXY,98.10099792480469,yfinance
2026-04-16,DXY,97.9520034790039,yfinance
2026-04-17,DXY,98.10900115966797,yfinance
2026-04-19,DXY,98.3010025024414,yfinance
2026-04-20,DXY,98.3030014038086,yfinance
2026-04-21,DXY,98.14700317382812,yfinance
2026-04-22,DXY,98.38999938964844,yfinance
2026-04-23,DXY,98.66799926757812,yfinance
2026-04-24,DXY,98.86699676513672,yfinance
2026-04-26,DXY,98.43599700927734,yfinance
2026-04-27,DXY,98.43299865722656,yfinance
2026-04-28,DXY,98.50599670410156,yfinance
2026-04-29,DXY,98.70700073242188,yfinance
2026-04-30,DXY,99.02300262451172,yfinance
2025-06-18,Global VIX,20.139999389648438,yfinance
2025-06-20,Global VIX,20.6200008392334,yfinance
2025-06-23,Global VIX,19.829999923706055,yfinance
2025-06-24,Global VIX,17.479999542236328,yfinance
2025-06-25,Global VIX,16.760000228881836,yfinance
2025-06-26,Global VIX,16.59000015258789,yfinance
2025-06-27,Global VIX,16.31999969482422,yfinance
2025-06-30,Global VIX,16.729999542236328,yfinance
2025-07-01,Global VIX,16.829999923706055,yfinance
2025-07-02,Global VIX,16.639999389648438,yfinance
2025-07-03,Global VIX,16.3799991607666,yfinance
2025-07-07,Global VIX,17.790000915527344,yfinance
2025-07-08,Global VIX,16.809999465942383,yfinance
2025-07-09,Global VIX,15.9399995803833,yfinance
2025-07-10,Global VIX,15.779999732971191,yfinance
2025-07-11,Global VIX,16.399999618530273,yfinance
2025-07-14,Global VIX,17.200000762939453,yfinance
2025-07-15,Global VIX,17.3799991607666,yfinance
2025-07-16,Global VIX,17.15999984741211,yfinance
2025-07-17,Global VIX,16.520000457763672,yfinance
2025-07-18,Global VIX,16.40999984741211,yfinance
2025-07-21,Global VIX,16.649999618530273,yfinance
2025-07-22,Global VIX,16.5,yfinance
2025-07-23,Global VIX,15.369999885559082,yfinance
2025-07-24,Global VIX,15.390000343322754,yfinance
2025-07-25,Global VIX,14.930000305175781,yfinance
2025-07-28,Global VIX,15.029999732971191,yfinance
2025-07-29,Global VIX,15.979999542236328,yfinance
2025-07-30,Global VIX,15.479999542236328,yfinance
2025-07-31,Global VIX,16.719999313354492,yfinance
2025-08-01,Global VIX,20.3799991607666,yfinance
2025-08-04,Global VIX,17.520000457763672,yfinance
2025-08-05,Global VIX,17.850000381469727,yfinance
2025-08-06,Global VIX,16.770000457763672,yfinance
2025-08-07,Global VIX,16.56999969482422,yfinance
2025-08-08,Global VIX,15.149999618530273,yfinance
2025-08-11,Global VIX,16.25,yfinance
2025-08-12,Global VIX,14.729999542236328,yfinance
2025-08-13,Global VIX,14.489999771118164,yfinance
2025-08-14,Global VIX,14.829999923706055,yfinance
2025-08-15,Global VIX,15.09000015258789,yfinance
2025-08-18,Global VIX,14.989999771118164,yfinance
2025-08-19,Global VIX,15.569999694824219,yfinance
2025-08-20,Global VIX,15.6899995803833,yfinance
2025-08-21,Global VIX,16.600000381469727,yfinance
2025-08-22,Global VIX,14.220000267028809,yfinance
2025-08-25,Global VIX,14.789999961853027,yfinance
2025-08-26,Global VIX,14.619999885559082,yfinance
2025-08-27,Global VIX,14.850000381469727,yfinance
2025-08-28,Global VIX,14.430000305175781,yfinance
2025-08-29,Global VIX,15.359999656677246,yfinance
2025-09-02,Global VIX,17.170000076293945,yfinance
2025-09-03,Global VIX,16.350000381469727,yfinance
2025-09-04,Global VIX,15.300000190734863,yfinance
2025-09-05,Global VIX,15.180000305175781,yfinance
2025-09-08,Global VIX,15.109999656677246,yfinance
2025-09-09,Global VIX,15.039999961853027,yfinance
2025-09-10,Global VIX,15.350000381469727,yfinance
2025-09-11,Global VIX,14.710000038146973,yfinance
2025-09-12,Global VIX,14.760000228881836,yfinance
2025-09-15,Global VIX,15.6899995803833,yfinance
2025-09-16,Global VIX,16.360000610351562,yfinance
2025-09-17,Global VIX,15.720000267028809,yfinance
2025-09-18,Global VIX,15.699999809265137,yfinance
2025-09-19,Global VIX,15.449999809265137,yfinance
2025-09-22,Global VIX,16.100000381469727,yfinance
2025-09-23,Global VIX,16.639999389648438,yfinance
2025-09-24,Global VIX,16.18000030517578,yfinance
2025-09-25,Global VIX,16.739999771118164,yfinance
2025-09-26,Global VIX,15.289999961853027,yfinance
2025-09-29,Global VIX,16.1200008392334,yfinance
2025-09-30,Global VIX,16.280000686645508,yfinance
2025-10-01,Global VIX,16.290000915527344,yfinance
2025-10-02,Global VIX,16.6299991607666,yfinance
2025-10-03,Global VIX,16.649999618530273,yfinance
2025-10-06,Global VIX,16.3700008392334,yfinance
2025-10-07,Global VIX,17.239999771118164,yfinance
2025-10-08,Global VIX,16.299999237060547,yfinance
2025-10-09,Global VIX,16.43000030517578,yfinance
2025-10-10,Global VIX,21.65999984741211,yfinance
2025-10-13,Global VIX,19.030000686645508,yfinance
2025-10-14,Global VIX,20.809999465942383,yfinance
2025-10-15,Global VIX,20.639999389648438,yfinance
2025-10-16,Global VIX,25.309999465942383,yfinance
2025-10-17,Global VIX,20.780000686645508,yfinance
2025-10-20,Global VIX,18.229999542236328,yfinance
2025-10-21,Global VIX,17.8700008392334,yfinance
2025-10-22,Global VIX,18.600000381469727,yfinance
2025-10-23,Global VIX,17.299999237060547,yfinance
2025-10-24,Global VIX,16.3700008392334,yfinance
2025-10-27,Global VIX,15.789999961853027,yfinance
2025-10-28,Global VIX,16.420000076293945,yfinance
2025-10-29,Global VIX,16.920000076293945,yfinance
2025-10-30,Global VIX,16.90999984741211,yfinance
2025-10-31,Global VIX,17.440000534057617,yfinance
2025-11-03,Global VIX,17.170000076293945,yfinance
2025-11-04,Global VIX,19.0,yfinance
2025-11-05,Global VIX,18.010000228881836,yfinance
2025-11-06,Global VIX,19.5,yfinance
2025-11-07,Global VIX,19.079999923706055,yfinance
2025-11-10,Global VIX,17.600000381469727,yfinance
2025-11-11,Global VIX,17.280000686645508,yfinance
2025-11-12,Global VIX,17.510000228881836,yfinance
2025-11-13,Global VIX,20.0,yfinance
2025-11-14,Global VIX,19.829999923706055,yfinance
2025-11-17,Global VIX,22.3799991607666,yfinance
2025-11-18,Global VIX,24.690000534057617,yfinance
2025-11-19,Global VIX,23.65999984741211,yfinance
2025-11-20,Global VIX,26.420000076293945,yfinance
2025-11-21,Global VIX,23.43000030517578,yfinance
2025-11-24,Global VIX,20.520000457763672,yfinance
2025-11-25,Global VIX,18.559999465942383,yfinance
2025-11-26,Global VIX,17.190000534057617,yfinance
2025-11-28,Global VIX,16.350000381469727,yfinance
2025-12-01,Global VIX,17.239999771118164,yfinance
2025-12-02,Global VIX,16.59000015258789,yfinance
2025-12-03,Global VIX,16.079999923706055,yfinance
2025-12-04,Global VIX,15.779999732971191,yfinance
2025-12-05,Global VIX,15.40999984741211,yfinance
2025-12-08,Global VIX,16.65999984741211,yfinance
2025-12-09,Global VIX,16.93000030517578,yfinance
2025-12-10,Global VIX,15.770000457763672,yfinance
2025-12-11,Global VIX,14.850000381469727,yfinance
2025-12-12,Global VIX,15.739999771118164,yfinance
2025-12-15,Global VIX,16.5,yfinance
2025-12-16,Global VIX,16.479999542236328,yfinance
2025-12-17,Global VIX,17.6200008392334,yfinance
2025-12-18,Global VIX,16.8700008392334,yfinance
2025-12-19,Global VIX,14.90999984741211,yfinance
2025-12-22,Global VIX,14.079999923706055,yfinance
2025-12-23,Global VIX,14.0,yfinance
2025-12-24,Global VIX,13.470000267028809,yfinance
2025-12-26,Global VIX,13.600000381469727,yfinance
2025-12-29,Global VIX,14.199999809265137,yfinance
2025-12-30,Global VIX,14.329999923706055,yfinance
2025-12-31,Global VIX,14.949999809265137,yfinance
2026-01-02,Global VIX,14.510000228881836,yfinance
2026-01-05,Global VIX,14.899999618530273,yfinance
2026-01-06,Global VIX,14.75,yfinance
2026-01-07,Global VIX,15.380000114440918,yfinance
2026-01-08,Global VIX,15.449999809265137,yfinance
2026-01-09,Global VIX,14.489999771118164,yfinance
2026-01-12,Global VIX,15.119999885559082,yfinance
2026-01-13,Global VIX,15.979999542236328,yfinance
2026-01-14,Global VIX,16.75,yfinance
2026-01-15,Global VIX,15.84000015258789,yfinance
2026-01-16,Global VIX,15.859999656677246,yfinance
2026-01-20,Global VIX,20.09000015258789,yfinance
2026-01-21,Global VIX,16.899999618530273,yfinance
2026-01-22,Global VIX,15.640000343322754,yfinance
2026-01-23,Global VIX,16.09000015258789,yfinance
2026-01-26,Global VIX,16.149999618530273,yfinance
2026-01-27,Global VIX,16.350000381469727,yfinance
2026-01-28,Global VIX,16.350000381469727,yfinance
2026-01-29,Global VIX,16.8799991607666,yfinance
2026-01-30,Global VIX,17.440000534057617,yfinance
2026-02-02,Global VIX,16.34000015258789,yfinance
2026-02-03,Global VIX,18.0,yfinance
2026-02-04,Global VIX,18.639999389648438,yfinance
2026-02-05,Global VIX,21.770000457763672,yfinance
2026-02-06,Global VIX,20.3700008392334,yfinance
2026-02-09,Global VIX,17.360000610351562,yfinance
2026-02-10,Global VIX,17.790000915527344,yfinance
2026-02-11,Global VIX,17.649999618530273,yfinance
2026-02-12,Global VIX,20.81999969482422,yfinance
2026-02-13,Global VIX,20.600000381469727,yfinance
2026-02-17,Global VIX,20.290000915527344,yfinance
2026-02-18,Global VIX,19.6200008392334,yfinance
2026-02-19,Global VIX,20.229999542236328,yfinance
2026-02-20,Global VIX,19.09000015258789,yfinance
2026-02-23,Global VIX,21.010000228881836,yfinance
2026-02-24,Global VIX,19.549999237060547,yfinance
2026-02-25,Global VIX,17.93000030517578,yfinance
2026-02-26,Global VIX,18.6299991607666,yfinance
2026-02-27,Global VIX,19.860000610351562,yfinance
2026-03-02,Global VIX,21.440000534057617,yfinance
2026-03-03,Global VIX,23.56999969482422,yfinance
2026-03-04,Global VIX,21.149999618530273,yfinance
2026-03-05,Global VIX,23.75,yfinance
2026-03-06,Global VIX,29.489999771118164,yfinance
2026-03-09,Global VIX,25.5,yfinance
2026-03-10,Global VIX,24.93000030517578,yfinance
2026-03-11,Global VIX,24.229999542236328,yfinance
2026-03-12,Global VIX,27.290000915527344,yfinance
2026-03-13,Global VIX,27.190000534057617,yfinance
2026-03-16,Global VIX,23.510000228881836,yfinance
2026-03-17,Global VIX,22.3700008392334,yfinance
2026-03-18,Global VIX,25.09000015258789,yfinance
2026-03-19,Global VIX,24.059999465942383,yfinance
2026-03-20,Global VIX,26.780000686645508,yfinance
2026-03-23,Global VIX,26.149999618530273,yfinance
2026-03-24,Global VIX,26.950000762939453,yfinance
2026-03-25,Global VIX,25.329999923706055,yfinance
2026-03-26,Global VIX,27.440000534057617,yfinance
2026-03-27,Global VIX,31.049999237060547,yfinance
2026-03-30,Global VIX,30.610000610351562,yfinance
2026-03-31,Global VIX,25.25,yfinance
2026-04-01,Global VIX,24.540000915527344,yfinance
2026-04-02,Global VIX,23.8700008392334,yfinance
2026-04-06,Global VIX,24.170000076293945,yfinance
2026-04-07,Global VIX,25.780000686645508,yfinance
2026-04-08,Global VIX,21.040000915527344,yfinance
2026-04-09,Global VIX,19.489999771118164,yfinance
2026-04-10,Global VIX,19.229999542236328,yfinance
2026-04-13,Global VIX,19.1200008392334,yfinance
2026-04-14,Global VIX,18.399999618530273,yfinance
2026-04-15,Global VIX,17.8799991607666,yfinance
2026-04-16,Global VIX,18.010000228881836,yfinance
2026-04-17,Global VIX,18.190000534057617,yfinance
2026-04-20,Global VIX,19.479999542236328,yfinance
2026-04-21,Global VIX,19.170000076293945,yfinance
2026-04-22,Global VIX,19.219999313354492,yfinance
2026-04-23,Global VIX,19.510000228881836,yfinance
2026-04-24,Global VIX,18.899999618530273,yfinance
2026-04-27,Global VIX,19.229999542236328,yfinance
2026-04-28,Global VIX,18.420000076293945,yfinance
2026-04-29,Global VIX,17.84000015258789,yfinance
2026-04-30,Global VIX,18.3700008392334,yfinance
2025-06-18,INR/USD,86.36270141601562,yfinance
2025-06-19,INR/USD,86.61360168457031,yfinance
2025-06-20,INR/USD,86.58380126953125,yfinance
2025-06-23,INR/USD,86.5802993774414,yfinance
2025-06-24,INR/USD,86.23300170898438,yfinance
2025-06-25,INR/USD,85.90480041503906,yfinance
2025-06-26,INR/USD,86.006103515625,yfinance
2025-06-27,INR/USD,85.66639709472656,yfinance
2025-06-30,INR/USD,85.4552993774414,yfinance
2025-07-01,INR/USD,85.71399688720703,yfinance
2025-07-02,INR/USD,85.6427993774414,yfinance
2025-07-03,INR/USD,85.69409942626953,yfinance
2025-07-04,INR/USD,85.31909942626953,yfinance
2025-07-07,INR/USD,85.49629974365234,yfinance
2025-07-08,INR/USD,85.89199829101562,yfinance
2025-07-09,INR/USD,85.7073974609375,yfinance
2025-07-10,INR/USD,85.70850372314453,yfinance
2025-07-11,INR/USD,85.73480224609375,yfinance
2025-07-14,INR/USD,85.82129669189453,yfinance
2025-07-15,INR/USD,85.96839904785156,yfinance
2025-07-16,INR/USD,85.99310302734375,yfinance
2025-07-17,INR/USD,85.88520050048828,yfinance
2025-07-18,INR/USD,86.04650115966797,yfinance
2025-07-21,INR/USD,86.14859771728516,yfinance
2025-07-22,INR/USD,86.19529724121094,yfinance
2025-07-23,INR/USD,86.3427963256836,yfinance
2025-07-24,INR/USD,86.39869689941406,yfinance
2025-07-25,INR/USD,86.4302978515625,yfinance
2025-07-28,INR/USD,86.506103515625,yfinance
2025-07-29,INR/USD,86.77760314941406,yfinance
2025-07-30,INR/USD,87.06320190429688,yfinance
2025-07-31,INR/USD,87.714599609375,yfinance
2025-08-01,INR/USD,87.4894027709961,yfinance
2025-08-04,INR/USD,87.24530029296875,yfinance
2025-08-05,INR/USD,87.89330291748047,yfinance
2025-08-06,INR/USD,87.72309875488281,yfinance
2025-08-07,INR/USD,87.76249694824219,yfinance
2025-08-08,INR/USD,87.43319702148438,yfinance
2025-08-11,INR/USD,87.48829650878906,yfinance
2025-08-12,INR/USD,87.66449737548828,yfinance
2025-08-13,INR/USD,87.59559631347656,yfinance
2025-08-14,INR/USD,87.44999694824219,yfinance
2025-08-15,INR/USD,87.69180297851562,yfinance
2025-08-18,INR/USD,87.51280212402344,yfinance
2025-08-19,INR/USD,87.29509735107422,yfinance
2025-08-20,INR/USD,87.0791015625,yfinance
2025-08-21,INR/USD,87.01820373535156,yfinance
2025-08-22,INR/USD,87.29340362548828,yfinance
2025-08-25,INR/USD,87.3301010131836,yfinance
2025-08-26,INR/USD,87.60859680175781,yfinance
2025-08-27,INR/USD,87.60070037841797,yfinance
2025-08-28,INR/USD,87.65910339355469,yfinance
2025-08-29,INR/USD,87.5916976928711,yfinance
2025-09-01,INR/USD,88.17430114746094,yfinance
2025-09-02,INR/USD,88.00140380859375,yfinance
2025-09-03,INR/USD,87.99829864501953,yfinance
2025-09-04,INR/USD,88.072998046875,yfinance
2025-09-05,INR/USD,88.19290161132812,yfinance
2025-09-08,INR/USD,88.1863021850586,yfinance
2025-09-09,INR/USD,87.98049926757812,yfinance
2025-09-10,INR/USD,88.21829986572266,yfinance
2025-09-11,INR/USD,88.05339813232422,yfinance
2025-09-12,INR/USD,88.2676010131836,yfinance
2025-09-15,INR/USD,88.27729797363281,yfinance
2025-09-16,INR/USD,88.12349700927734,yfinance
2025-09-17,INR/USD,87.88459777832031,yfinance
2025-09-18,INR/USD,87.91069793701172,yfinance
2025-09-19,INR/USD,88.20690155029297,yfinance
2025-09-22,INR/USD,88.09919738769531,yfinance
2025-09-23,INR/USD,88.30439758300781,yfinance
2025-09-24,INR/USD,88.80799865722656,yfinance
2025-09-25,INR/USD,88.77860260009766,yfinance
2025-09-26,INR/USD,88.77310180664062,yfinance
2025-09-29,INR/USD,88.67680358886719,yfinance
2025-09-30,INR/USD,88.70449829101562,yfinance
2025-10-01,INR/USD,88.8406982421875,yfinance
2025-10-02,INR/USD,88.68299865722656,yfinance
2025-10-03,INR/USD,88.72019958496094,yfinance
2025-10-06,INR/USD,88.73509979248047,yfinance
2025-10-07,INR/USD,88.72109985351562,yfinance
2025-10-08,INR/USD,88.74259948730469,yfinance
2025-10-09,INR/USD,88.7771987915039,yfinance
2025-10-10,INR/USD,88.86540222167969,yfinance
2025-10-13,INR/USD,88.7573013305664,yfinance
2025-10-14,INR/USD,88.66510009765625,yfinance
2025-10-15,INR/USD,88.78250122070312,yfinance
2025-10-16,INR/USD,87.80950164794922,yfinance
2025-10-17,INR/USD,87.9906997680664,yfinance
2025-10-20,INR/USD,88.0022964477539,yfinance
2025-10-21,INR/USD,87.87999725341797,yfinance
2025-10-22,INR/USD,88.00160217285156,yfinance
2025-10-23,INR/USD,87.74030303955078,yfinance
2025-10-24,INR/USD,87.77899932861328,yfinance
2025-10-27,INR/USD,87.8290023803711,yfinance
2025-10-28,INR/USD,88.22209930419922,yfinance
2025-10-29,INR/USD,88.22550201416016,yfinance
2025-10-30,INR/USD,88.34559631347656,yfinance
2025-10-31,INR/USD,88.6344985961914,yfinance
2025-11-03,INR/USD,88.77539825439453,yfinance
2025-11-04,INR/USD,88.72339630126953,yfinance
2025-11-05,INR/USD,88.73200225830078,yfinance
2025-11-06,INR/USD,88.55690002441406,yfinance
2025-11-07,INR/USD,88.6729965209961,yfinance
2025-11-10,INR/USD,88.65799713134766,yfinance
2025-11-11,INR/USD,88.70709991455078,yfinance
2025-11-12,INR/USD,88.46649932861328,yfinance
2025-11-13,INR/USD,88.59400177001953,yfinance
2025-11-14,INR/USD,88.81610107421875,yfinance
2025-11-17,INR/USD,88.68199920654297,yfinance
2025-11-18,INR/USD,88.63590240478516,yfinance
2025-11-19,INR/USD,88.55680084228516,yfinance
2025-11-20,INR/USD,88.48719787597656,yfinance
2025-11-21,INR/USD,88.69219970703125,yfinance
2025-11-24,INR/USD,89.63400268554688,yfinance
2025-11-25,INR/USD,89.14779663085938,yfinance
2025-11-26,INR/USD,89.15059661865234,yfinance
2025-11-27,INR/USD,89.16300201416016,yfinance
2025-11-28,INR/USD,89.36479949951172,yfinance
2025-12-01,INR/USD,89.3499984741211,yfinance
2025-12-02,INR/USD,89.61270141601562,yfinance
2025-12-03,INR/USD,89.91719818115234,yfinance
2025-12-04,INR/USD,90.17050170898438,yfinance
2025-12-05,INR/USD,89.8364028930664,yfinance
2025-12-08,INR/USD,89.93800354003906,yfinance
2025-12-09,INR/USD,90.12999725341797,yfinance
2025-12-10,INR/USD,89.91690063476562,yfinance
2025-12-11,INR/USD,89.79299926757812,yfinance
2025-12-12,INR/USD,90.25299835205078,yfinance
2025-12-15,INR/USD,90.5770034790039,yfinance
2025-12-16,INR/USD,90.77690124511719,yfinance
2025-12-17,INR/USD,90.94889831542969,yfinance
2025-12-18,INR/USD,90.4136962890625,yfinance
2025-12-19,INR/USD,90.25579833984375,yfinance
2025-12-22,INR/USD,89.56999969482422,yfinance
2025-12-23,INR/USD,89.60389709472656,yfinance
2025-12-24,INR/USD,89.50789642333984,yfinance
2025-12-26,INR/USD,90.10590362548828,yfinance
2025-12-29,INR/USD,89.82929992675781,yfinance
2025-12-30,INR/USD,89.9000015258789,yfinance
2025-12-31,INR/USD,89.76940155029297,yfinance
2026-01-02,INR/USD,89.96189880371094,yfinance
2026-01-05,INR/USD,90.00700378417969,yfinance
2026-01-06,INR/USD,90.23300170898438,yfinance
2026-01-07,INR/USD,90.16609954833984,yfinance
2026-01-08,INR/USD,89.8644027709961,yfinance
2026-01-09,INR/USD,89.90540313720703,yfinance
2026-01-12,INR/USD,90.23600006103516,yfinance
2026-01-13,INR/USD,90.13269805908203,yfinance
2026-01-14,INR/USD,90.27300262451172,yfinance
2026-01-15,INR/USD,90.18319702148438,yfinance
2026-01-16,INR/USD,90.36160278320312,yfinance
2026-01-19,INR/USD,90.7020034790039,yfinance
2026-01-20,INR/USD,90.90450286865234,yfinance
2026-01-21,INR/USD,91.11840057373047,yfinance
2026-01-22,INR/USD,91.53690338134766,yfinance
2026-01-23,INR/USD,91.55829620361328,yfinance
2026-01-26,INR/USD,91.5009994506836,yfinance
2026-01-27,INR/USD,91.71309661865234,yfinance
2026-01-28,INR/USD,91.5343017578125,yfinance
2026-01-29,INR/USD,92.04080200195312,yfinance
2026-01-30,INR/USD,91.78189849853516,yfinance
2026-02-02,INR/USD,91.68699645996094,yfinance
2026-02-03,INR/USD,90.24559783935547,yfinance
2026-02-04,INR/USD,90.42289733886719,yfinance
2026-02-05,INR/USD,90.125,yfinance
2026-02-06,INR/USD,90.3147964477539,yfinance
2026-02-09,INR/USD,90.58799743652344,yfinance
2026-02-10,INR/USD,90.82279968261719,yfinance
2026-02-11,INR/USD,90.58789825439453,yfinance
2026-02-12,INR/USD,90.73570251464844,yfinance
2026-02-13,INR/USD,90.56410217285156,yfinance
2026-02-16,INR/USD,90.57119750976562,yfinance
2026-02-17,INR/USD,90.78299713134766,yfinance
2026-02-18,INR/USD,90.6261978149414,yfinance
2026-02-19,INR/USD,90.79350280761719,yfinance
2026-02-20,INR/USD,91.04109954833984,yfinance
2026-02-23,INR/USD,90.72660064697266,yfinance
2026-02-24,INR/USD,91.02010345458984,yfinance
2026-02-25,INR/USD,90.91799926757812,yfinance
2026-02-26,INR/USD,90.95099639892578,yfinance
2026-02-27,INR/USD,91.00740051269531,yfinance
2026-03-02,INR/USD,91.07959747314453,yfinance
2026-03-03,INR/USD,91.56340026855469,yfinance
2026-03-04,INR/USD,92.00859832763672,yfinance
2026-03-05,INR/USD,92.12300109863281,yfinance
2026-03-06,INR/USD,91.78690338134766,yfinance
2026-03-09,INR/USD,91.93620300292969,yfinance
2026-03-10,INR/USD,91.220703125,yfinance
2026-03-11,INR/USD,92.16510009765625,yfinance
2026-03-12,INR/USD,92.22879791259766,yfinance
2026-03-13,INR/USD,92.38990020751953,yfinance
2026-03-16,INR/USD,92.5635986328125,yfinance
2026-03-17,INR/USD,92.28269958496094,yfinance
2026-03-18,INR/USD,92.39129638671875,yfinance
2026-03-19,INR/USD,93.24659729003906,yfinance
2026-03-20,INR/USD,93.0822982788086,yfinance
2026-03-23,INR/USD,93.89530181884766,yfinance
2026-03-24,INR/USD,93.24369812011719,yfinance
2026-03-25,INR/USD,94.29969787597656,yfinance
2026-03-26,INR/USD,94.6937026977539,yfinance
2026-03-27,INR/USD,94.30950164794922,yfinance
2026-03-30,INR/USD,94.78179931640625,yfinance
2026-03-31,INR/USD,94.35590362548828,yfinance
2026-04-01,INR/USD,93.48429870605469,yfinance
2026-04-02,INR/USD,92.6426010131836,yfinance
2026-04-03,INR/USD,92.97360229492188,yfinance
2026-04-06,INR/USD,92.97100067138672,yfinance
2026-04-07,INR/USD,92.81659698486328,yfinance
2026-04-08,INR/USD,92.86019897460938,yfinance
2026-04-09,INR/USD,92.2748031616211,yfinance
2026-04-10,INR/USD,92.46980285644531,yfinance
2026-04-13,INR/USD,94.50879669189453,yfinance
2026-04-14,INR/USD,93.09400177001953,yfinance
2026-04-15,INR/USD,93.36900329589844,yfinance
2026-04-16,INR/USD,93.26249694824219,yfinance
2026-04-17,INR/USD,92.94750213623047,yfinance
2026-04-19,INR/USD,92.57499694824219,yfinance
2026-04-20,INR/USD,92.56400299072266,yfinance
2026-04-21,INR/USD,93.32499694824219,yfinance
2026-04-22,INR/USD,93.72000122070312,yfinance
2026-04-23,INR/USD,94.11299896240234,yfinance
2026-04-24,INR/USD,94.27249908447266,yfinance
2026-04-25,INR/USD,94.22000122070312,yfinance
2026-04-26,INR/USD,94.22000122070312,yfinance
2026-04-27,INR/USD,94.26249694824219,yfinance
2026-04-28,INR/USD,94.47750091552734,yfinance
2026-04-29,INR/USD,94.5199966430664,yfinance
2026-04-30,INR/USD,95.23999786376953,yfinance
2025-06-19,India VIX,14.26,AngelOne
2025-06-20,India VIX,13.67,AngelOne
2025-06-23,India VIX,14.05,AngelOne
2025-06-24,India VIX,13.64,AngelOne
2025-06-25,India VIX,12.96,AngelOne
2025-06-26,India VIX,12.59,AngelOne
2025-06-27,India VIX,12.39,AngelOne
2025-06-30,India VIX,12.79,AngelOne
2025-07-01,India VIX,12.53,AngelOne
2025-07-02,India VIX,12.45,AngelOne
2025-07-03,India VIX,12.39,AngelOne
2025-07-04,India VIX,12.32,AngelOne
2025-07-07,India VIX,12.56,AngelOne
2025-07-08,India VIX,12.2,AngelOne
2025-07-09,India VIX,11.94,AngelOne
2025-07-10,India VIX,11.67,AngelOne
2025-07-11,India VIX,11.82,AngelOne
2025-07-14,India VIX,11.98,AngelOne
2025-07-15,India VIX,11.48,AngelOne
2025-07-16,India VIX,11.24,AngelOne
2025-07-17,India VIX,11.24,AngelOne
2025-07-18,India VIX,11.39,AngelOne
2025-07-21,India VIX,11.2,AngelOne
2025-07-22,India VIX,10.75,AngelOne
2025-07-23,India VIX,10.52,AngelOne
2025-07-24,India VIX,10.72,AngelOne
2025-07-25,India VIX,11.28,AngelOne
2025-07-28,India VIX,12.06,AngelOne
2025-07-29,India VIX,11.53,AngelOne
2025-07-30,India VIX,11.21,AngelOne
2025-07-31,India VIX,11.54,AngelOne
2025-08-01,India VIX,11.98,AngelOne
2025-08-04,India VIX,11.97,AngelOne
2025-08-05,India VIX,11.71,AngelOne
2025-08-06,India VIX,11.96,AngelOne
2025-08-07,India VIX,11.69,AngelOne
2025-08-08,India VIX,12.03,AngelOne
2025-08-11,India VIX,12.22,AngelOne
2025-08-12,India VIX,12.23,AngelOne
2025-08-13,India VIX,12.14,AngelOne
2025-08-14,India VIX,12.36,AngelOne
2025-08-18,India VIX,12.34,AngelOne
2025-08-19,India VIX,11.79,AngelOne
2025-08-20,India VIX,11.79,AngelOne
2025-08-21,India VIX,11.37,AngelOne
2025-08-22,India VIX,11.73,AngelOne
2025-08-25,India VIX,11.76,AngelOne
2025-08-26,India VIX,12.19,AngelOne
2025-08-28,India VIX,12.18,AngelOne
2025-08-29,India VIX,11.75,AngelOne
2025-09-01,India VIX,11.29,AngelOne
2025-09-02,India VIX,11.4,AngelOne
2025-09-03,India VIX,10.93,AngelOne
2025-09-04,India VIX,10.85,AngelOne
2025-09-05,India VIX,10.78,AngelOne
2025-09-08,India VIX,10.84,AngelOne
2025-09-09,India VIX,10.69,AngelOne
2025-09-10,India VIX,10.54,AngelOne
2025-09-11,India VIX,10.36,AngelOne
2025-09-12,India VIX,10.12,AngelOne
2025-09-15,India VIX,10.4,AngelOne
2025-09-16,India VIX,10.27,AngelOne
2025-09-17,India VIX,10.25,AngelOne
2025-09-18,India VIX,9.89,AngelOne
2025-09-19,India VIX,9.97,AngelOne
2025-09-22,India VIX,10.56,AngelOne
2025-09-23,India VIX,10.63,AngelOne
2025-09-24,India VIX,10.52,AngelOne
2025-09-25,India VIX,10.78,AngelOne
2025-09-26,India VIX,11.43,AngelOne
2025-09-29,India VIX,11.37,AngelOne
2025-09-30,India VIX,11.07,AngelOne
2025-10-01,India VIX,10.29,AngelOne
2025-10-03,India VIX,10.06,AngelOne
2025-10-06,India VIX,10.19,AngelOne
2025-10-07,India VIX,10.05,AngelOne
2025-10-08,India VIX,10.31,AngelOne
2025-10-09,India VIX,10.12,AngelOne
2025-10-10,India VIX,10.1,AngelOne
2025-10-13,India VIX,11.01,AngelOne
2025-10-14,India VIX,11.16,AngelOne
2025-10-15,India VIX,10.53,AngelOne
2025-10-16,India VIX,10.87,AngelOne
2025-10-17,India VIX,11.63,AngelOne
2025-10-20,India VIX,11.36,AngelOne
2025-10-21,India VIX,11.3,AngelOne
2025-10-23,India VIX,11.73,AngelOne
2025-10-24,India VIX,11.59,AngelOne
2025-10-27,India VIX,11.86,AngelOne
2025-10-28,India VIX,11.95,AngelOne
2025-10-29,India VIX,11.97,AngelOne
2025-10-30,India VIX,12.07,AngelOne
2025-10-31,India VIX,12.15,AngelOne
2025-11-03,India VIX,12.67,AngelOne
2025-11-04,India VIX,12.65,AngelOne
2025-11-06,India VIX,12.41,AngelOne
2025-11-07,India VIX,12.56,AngelOne
2025-11-10,India VIX,12.3,AngelOne
2025-11-11,India VIX,12.49,AngelOne
2025-11-12,India VIX,12.11,AngelOne
2025-11-13,India VIX,12.16,AngelOne
2025-11-14,India VIX,11.94,AngelOne
2025-11-17,India VIX,11.79,AngelOne
2025-11-18,India VIX,12.1,AngelOne
2025-11-19,India VIX,11.97,AngelOne
2025-11-20,India VIX,12.14,AngelOne
2025-11-21,India VIX,13.63,AngelOne
2025-11-24,India VIX,13.24,AngelOne
2025-11-25,India VIX,12.24,AngelOne
2025-11-26,India VIX,11.97,AngelOne
2025-11-27,India VIX,11.79,AngelOne
2025-11-28,India VIX,11.62,AngelOne
2025-12-01,India VIX,11.63,AngelOne
2025-12-02,India VIX,11.23,AngelOne
2025-12-03,India VIX,11.21,AngelOne
2025-12-04,India VIX,10.82,AngelOne
2025-12-05,India VIX,10.32,AngelOne
2025-12-08,India VIX,11.13,AngelOne
2025-12-09,India VIX,10.95,AngelOne
2025-12-10,India VIX,10.91,AngelOne
2025-12-11,India VIX,10.4,AngelOne
2025-12-12,India VIX,10.11,AngelOne
2025-12-15,India VIX,10.25,AngelOne
2025-12-16,India VIX,10.06,AngelOne
2025-12-17,India VIX,9.84,AngelOne
2025-12-18,India VIX,9.71,AngelOne
2025-12-19,India VIX,9.52,AngelOne
2025-12-22,India VIX,9.68,AngelOne
2025-12-23,India VIX,9.38,AngelOne
2025-12-24,India VIX,9.19,AngelOne
2025-12-26,India VIX,9.15,AngelOne
2025-12-29,India VIX,9.72,AngelOne
2025-12-30,India VIX,9.68,AngelOne
2025-12-31,India VIX,9.48,AngelOne
2026-01-01,India VIX,9.19,AngelOne
2026-01-02,India VIX,9.45,AngelOne
2026-01-05,India VIX,10.02,AngelOne
2026-01-06,India VIX,10.02,AngelOne
2026-01-07,India VIX,9.95,AngelOne
2026-01-08,India VIX,10.6,AngelOne
2026-01-09,India VIX,10.93,AngelOne
2026-01-12,India VIX,11.37,AngelOne
2026-01-13,India VIX,11.2,AngelOne
2026-01-14,India VIX,11.32,AngelOne
2026-01-16,India VIX,11.37,AngelOne
2026-01-19,India VIX,11.83,AngelOne
2026-01-20,India VIX,12.73,AngelOne
2026-01-21,India VIX,13.78,AngelOne
2026-01-22,India VIX,13.35,AngelOne
2026-01-23,India VIX,14.19,AngelOne
2026-01-27,India VIX,14.45,AngelOne
2026-01-28,India VIX,13.53,AngelOne
2026-01-29,India VIX,13.37,AngelOne
2026-01-30,India VIX,13.63,AngelOne
2026-02-01,India VIX,15.1,AngelOne
2026-02-02,India VIX,13.87,AngelOne
2026-02-03,India VIX,12.9,AngelOne
2026-02-04,India VIX,12.25,AngelOne
2026-02-05,India VIX,12.17,AngelOne
2026-02-06,India VIX,11.94,AngelOne
2026-02-09,India VIX,12.19,AngelOne
2026-02-10,India VIX,11.67,AngelOne
2026-02-11,India VIX,11.55,AngelOne
2026-02-12,India VIX,11.73,AngelOne
2026-02-13,India VIX,13.29,AngelOne
2026-02-16,India VIX,13.33,AngelOne
2026-02-17,India VIX,12.67,AngelOne
2026-02-18,India VIX,12.22,AngelOne
2026-02-19,India VIX,13.46,AngelOne
2026-02-20,India VIX,14.36,AngelOne
2026-02-23,India VIX,14.17,AngelOne
2026-02-24,India VIX,14.15,AngelOne
2026-02-25,India VIX,13.49,AngelOne
2026-02-26,India VIX,13.06,AngelOne
2026-02-27,India VIX,13.7,AngelOne
2026-03-02,India VIX,17.13,AngelOne
2026-03-04,India VIX,21.14,AngelOne
2026-03-05,India VIX,17.86,AngelOne
2026-03-06,India VIX,19.88,AngelOne
2026-03-09,India VIX,23.36,AngelOne
2026-03-10,India VIX,18.91,AngelOne
2026-03-11,India VIX,21.06,AngelOne
2026-03-12,India VIX,21.52,AngelOne
2026-03-13,India VIX,22.65,AngelOne
2026-03-16,India VIX,21.6,AngelOne
2026-03-17,India VIX,19.79,AngelOne
2026-03-18,India VIX,18.72,AngelOne
2026-03-19,India VIX,22.8,AngelOne
2026-03-20,India VIX,22.81,AngelOne
2026-03-23,India VIX,26.73,AngelOne
2026-03-24,India VIX,24.74,AngelOne
2026-03-25,India VIX,24.64,AngelOne
2026-03-27,India VIX,26.8,AngelOne
2026-03-30,India VIX,27.89,AngelOne
2026-04-01,India VIX,25.01,AngelOne
2026-04-02,India VIX,25.52,AngelOne
2026-04-06,India VIX,25.47,AngelOne
2026-04-07,India VIX,24.7,AngelOne
2026-04-08,India VIX,19.7,AngelOne
2026-04-09,India VIX,20.43,AngelOne
2026-04-10,India VIX,18.85,AngelOne
2026-04-13,India VIX,20.5,AngelOne
2026-04-15,India VIX,18.67,AngelOne
2026-04-16,India VIX,18.09,AngelOne
2026-04-17,India VIX,17.25,AngelOne
2026-04-20,India VIX,18.05,AngelOne
2026-04-21,India VIX,17.53,AngelOne
2026-04-22,India VIX,18.32,AngelOne
2026-04-23,India VIX,18.59,AngelOne
2026-04-24,India VIX,19.36,AngelOne
2026-04-27,India VIX,19.22,AngelOne
2026-04-28,India VIX,18.05,AngelOne
2026-04-29,India VIX,17.44,AngelOne
2026-04-30,India VIX,18.71,AngelOne
2025-06-19,Nifty 50,24793.25,AngelOne
2025-06-20,Nifty 50,25112.4,AngelOne
2025-06-23,Nifty 50,24971.9,AngelOne
2025-06-24,Nifty 50,25044.35,AngelOne
2025-06-25,Nifty 50,25244.75,AngelOne
2025-06-26,Nifty 50,25549.0,AngelOne
2025-06-27,Nifty 50,25637.8,AngelOne
2025-06-30,Nifty 50,25517.05,AngelOne
2025-07-01,Nifty 50,25541.8,AngelOne
2025-07-02,Nifty 50,25453.4,AngelOne
2025-07-03,Nifty 50,25405.3,AngelOne
2025-07-04,Nifty 50,25461.0,AngelOne
2025-07-07,Nifty 50,25461.3,AngelOne
2025-07-08,Nifty 50,25522.5,AngelOne
2025-07-09,Nifty 50,25476.1,AngelOne
2025-07-10,Nifty 50,25355.25,AngelOne
2025-07-11,Nifty 50,25149.85,AngelOne
2025-07-14,Nifty 50,25082.3,AngelOne
2025-07-15,Nifty 50,25195.8,AngelOne
2025-07-16,Nifty 50,25212.05,AngelOne
2025-07-17,Nifty 50,25111.45,AngelOne
2025-07-18,Nifty 50,24968.4,AngelOne
2025-07-21,Nifty 50,25090.7,AngelOne
2025-07-22,Nifty 50,25060.9,AngelOne
2025-07-23,Nifty 50,25219.9,AngelOne
2025-07-24,Nifty 50,25062.1,AngelOne
2025-07-25,Nifty 50,24837.0,AngelOne
2025-07-28,Nifty 50,24680.9,AngelOne
2025-07-29,Nifty 50,24821.1,AngelOne
2025-07-30,Nifty 50,24855.05,AngelOne
2025-07-31,Nifty 50,24768.35,AngelOne
2025-08-01,Nifty 50,24565.35,AngelOne
2025-08-04,Nifty 50,24722.75,AngelOne
2025-08-05,Nifty 50,24649.55,AngelOne
2025-08-06,Nifty 50,24574.2,AngelOne
2025-08-07,Nifty 50,24596.15,AngelOne
2025-08-08,Nifty 50,24363.3,AngelOne
2025-08-11,Nifty 50,24585.05,AngelOne
2025-08-12,Nifty 50,24487.4,AngelOne
2025-08-13,Nifty 50,24619.35,AngelOne
2025-08-14,Nifty 50,24631.3,AngelOne
2025-08-18,Nifty 50,24876.95,AngelOne
2025-08-19,Nifty 50,24980.65,AngelOne
2025-08-20,Nifty 50,25050.55,AngelOne
2025-08-21,Nifty 50,25083.75,AngelOne
2025-08-22,Nifty 50,24870.1,AngelOne
2025-08-25,Nifty 50,24967.75,AngelOne
2025-08-26,Nifty 50,24712.05,AngelOne
2025-08-28,Nifty 50,24500.9,AngelOne
2025-08-29,Nifty 50,24426.85,AngelOne
2025-09-01,Nifty 50,24625.05,AngelOne
2025-09-02,Nifty 50,24579.6,AngelOne
2025-09-03,Nifty 50,24715.05,AngelOne
2025-09-04,Nifty 50,24734.3,AngelOne
2025-09-05,Nifty 50,24741.0,AngelOne
2025-09-08,Nifty 50,24773.15,AngelOne
2025-09-09,Nifty 50,24868.6,AngelOne
2025-09-10,Nifty 50,24973.1,AngelOne
2025-09-11,Nifty 50,25005.5,AngelOne
2025-09-12,Nifty 50,25114.0,AngelOne
2025-09-15,Nifty 50,25069.2,AngelOne
2025-09-16,Nifty 50,25239.1,AngelOne
2025-09-17,Nifty 50,25330.25,AngelOne
2025-09-18,Nifty 50,25423.6,AngelOne
2025-09-19,Nifty 50,25327.05,AngelOne
2025-09-22,Nifty 50,25202.35,AngelOne
2025-09-23,Nifty 50,25169.5,AngelOne
2025-09-24,Nifty 50,25056.9,AngelOne
2025-09-25,Nifty 50,24890.85,AngelOne
2025-09-26,Nifty 50,24654.7,AngelOne
2025-09-29,Nifty 50,24634.9,AngelOne
2025-09-30,Nifty 50,24611.1,AngelOne
2025-10-01,Nifty 50,24836.3,AngelOne
2025-10-03,Nifty 50,24894.25,AngelOne
2025-10-06,Nifty 50,25077.65,AngelOne
2025-10-07,Nifty 50,25108.3,AngelOne
2025-10-08,Nifty 50,25046.15,AngelOne
2025-10-09,Nifty 50,25181.8,AngelOne
2025-10-10,Nifty 50,25285.35,AngelOne
2025-10-13,Nifty 50,25227.35,AngelOne
2025-10-14,Nifty 50,25145.5,AngelOne
2025-10-15,Nifty 50,25323.55,AngelOne
2025-10-16,Nifty 50,25585.3,AngelOne
2025-10-17,Nifty 50,25709.85,AngelOne
2025-10-20,Nifty 50,25843.15,AngelOne
2025-10-21,Nifty 50,25868.6,AngelOne
2025-10-23,Nifty 50,25891.4,AngelOne
2025-10-24,Nifty 50,25795.15,AngelOne
2025-10-27,Nifty 50,25966.05,AngelOne
2025-10-28,Nifty 50,25936.2,AngelOne
2025-10-29,Nifty 50,26053.9,AngelOne
2025-10-30,Nifty 50,25877.85,AngelOne
2025-10-31,Nifty 50,25722.1,AngelOne
2025-11-03,Nifty 50,25763.35,AngelOne
2025-11-04,Nifty 50,25597.65,AngelOne
2025-11-06,Nifty 50,25509.7,AngelOne
2025-11-07,Nifty 50,25492.3,AngelOne
2025-11-10,Nifty 50,25574.35,AngelOne
2025-11-11,Nifty 50,25694.95,AngelOne
2025-11-12,Nifty 50,25875.8,AngelOne
2025-11-13,Nifty 50,25879.15,AngelOne
2025-11-14,Nifty 50,25910.05,AngelOne
2025-11-17,Nifty 50,26013.45,AngelOne
2025-11-18,Nifty 50,25910.05,AngelOne
2025-11-19,Nifty 50,26052.65,AngelOne
2025-11-20,Nifty 50,26192.15,AngelOne
2025-11-21,Nifty 50,26068.15,AngelOne
2025-11-24,Nifty 50,25959.5,AngelOne
2025-11-25,Nifty 50,25884.8,AngelOne
2025-11-26,Nifty 50,26205.3,AngelOne
2025-11-27,Nifty 50,26215.55,AngelOne
2025-11-28,Nifty 50,26202.95,AngelOne
2025-12-01,Nifty 50,26175.75,AngelOne
2025-12-02,Nifty 50,26032.2,AngelOne
2025-12-03,Nifty 50,25986.0,AngelOne
2025-12-04,Nifty 50,26033.75,AngelOne
2025-12-05,Nifty 50,26186.45,AngelOne
2025-12-08,Nifty 50,25960.55,AngelOne
2025-12-09,Nifty 50,25839.65,AngelOne
2025-12-10,Nifty 50,25758.0,AngelOne
2025-12-11,Nifty 50,25898.55,AngelOne
2025-12-12,Nifty 50,26046.95,AngelOne
2025-12-15,Nifty 50,26027.3,AngelOne
2025-12-16,Nifty 50,25860.1,AngelOne
2025-12-17,Nifty 50,25818.55,AngelOne
2025-12-18,Nifty 50,25815.55,AngelOne
2025-12-19,Nifty 50,25966.4,AngelOne
2025-12-22,Nifty 50,26172.4,AngelOne
2025-12-23,Nifty 50,26177.15,AngelOne
2025-12-24,Nifty 50,26142.1,AngelOne
2025-12-26,Nifty 50,26042.3,AngelOne
2025-12-29,Nifty 50,25942.1,AngelOne
2025-12-30,Nifty 50,25938.85,AngelOne
2025-12-31,Nifty 50,26129.6,AngelOne
2026-01-01,Nifty 50,26146.55,AngelOne
2026-01-02,Nifty 50,26328.55,AngelOne
2026-01-05,Nifty 50,26250.3,AngelOne
2026-01-06,Nifty 50,26178.7,AngelOne
2026-01-07,Nifty 50,26140.75,AngelOne
2026-01-08,Nifty 50,25876.85,AngelOne
2026-01-09,Nifty 50,25683.3,AngelOne
2026-01-12,Nifty 50,25790.25,AngelOne
2026-01-13,Nifty 50,25732.3,AngelOne
2026-01-14,Nifty 50,25665.6,AngelOne
2026-01-16,Nifty 50,25694.35,AngelOne
2026-01-19,Nifty 50,25585.5,AngelOne
2026-01-20,Nifty 50,25232.5,AngelOne
2026-01-21,Nifty 50,25157.5,AngelOne
2026-01-22,Nifty 50,25289.9,AngelOne
2026-01-23,Nifty 50,25048.65,AngelOne
2026-01-27,Nifty 50,25175.4,AngelOne
2026-01-28,Nifty 50,25342.75,AngelOne
2026-01-29,Nifty 50,25418.9,AngelOne
2026-01-30,Nifty 50,25320.65,AngelOne
2026-02-01,Nifty 50,24825.45,AngelOne
2026-02-02,Nifty 50,25088.4,AngelOne
2026-02-03,Nifty 50,25727.55,AngelOne
2026-02-04,Nifty 50,25776.0,AngelOne
2026-02-05,Nifty 50,25642.8,AngelOne
2026-02-06,Nifty 50,25693.7,AngelOne
2026-02-09,Nifty 50,25867.3,AngelOne
2026-02-10,Nifty 50,25935.15,AngelOne
2026-02-11,Nifty 50,25953.85,AngelOne
2026-02-12,Nifty 50,25807.2,AngelOne
2026-02-13,Nifty 50,25471.1,AngelOne
2026-02-16,Nifty 50,25682.75,AngelOne
2026-02-17,Nifty 50,25725.4,AngelOne
2026-02-18,Nifty 50,25819.35,AngelOne
2026-02-19,Nifty 50,25454.35,AngelOne
2026-02-20,Nifty 50,25571.25,AngelOne
2026-02-23,Nifty 50,25713.0,AngelOne
2026-02-24,Nifty 50,25424.65,AngelOne
2026-02-25,Nifty 50,25482.5,AngelOne
2026-02-26,Nifty 50,25496.55,AngelOne
2026-02-27,Nifty 50,25178.65,AngelOne
2026-03-02,Nifty 50,24865.7,AngelOne
2026-03-04,Nifty 50,24480.5,AngelOne
2026-03-05,Nifty 50,24765.9,AngelOne
2026-03-06,Nifty 50,24450.45,AngelOne
2026-03-09,Nifty 50,24028.05,AngelOne
2026-03-10,Nifty 50,24261.6,AngelOne
2026-03-11,Nifty 50,23866.85,AngelOne
2026-03-12,Nifty 50,23639.15,AngelOne
2026-03-13,Nifty 50,23151.1,AngelOne
2026-03-16,Nifty 50,23408.8,AngelOne
2026-03-17,Nifty 50,23581.15,AngelOne
2026-03-18,Nifty 50,23777.8,AngelOne
2026-03-19,Nifty 50,23002.15,AngelOne
2026-03-20,Nifty 50,23114.5,AngelOne
2026-03-23,Nifty 50,22512.65,AngelOne
2026-03-24,Nifty 50,22912.4,AngelOne
2026-03-25,Nifty 50,23306.45,AngelOne
2026-03-27,Nifty 50,22819.6,AngelOne
2026-03-30,Nifty 50,22331.4,AngelOne
2026-04-01,Nifty 50,22679.4,AngelOne
2026-04-02,Nifty 50,22713.1,AngelOne
2026-04-06,Nifty 50,22968.25,AngelOne
2026-04-07,Nifty 50,23123.65,AngelOne
2026-04-08,Nifty 50,23997.35,AngelOne
2026-04-09,Nifty 50,23775.1,AngelOne
2026-04-10,Nifty 50,24050.6,AngelOne
2026-04-13,Nifty 50,23842.65,AngelOne
2026-04-15,Nifty 50,24231.3,AngelOne
2026-04-16,Nifty 50,24196.75,AngelOne
2026-04-17,Nifty 50,24314.3,AngelOne
2026-04-20,Nifty 50,24288.4,AngelOne
2026-04-21,Nifty 50,24576.6,AngelOne
2026-04-22,Nifty 50,24420.95,AngelOne
2026-04-23,Nifty 50,24173.05,AngelOne
2026-04-24,Nifty 50,23952.35,AngelOne
2026-04-27,Nifty 50,24057.05,AngelOne
2026-04-28,Nifty 50,23995.7,AngelOne
2026-04-29,Nifty 50,24177.65,AngelOne
2026-04-30,Nifty 50,23877.45,AngelOne
2025-06-19,Nifty 500,22763.5,AngelOne
2025-06-20,Nifty 500,23041.1,AngelOne
2025-06-23,Nifty 500,23001.5,AngelOne
2025-06-24,Nifty 500,23113.2,AngelOne
2025-06-25,Nifty 500,23296.85,AngelOne
2025-06-26,Nifty 500,23517.55,AngelOne
2025-06-27,Nifty 500,23620.15,AngelOne
2025-06-30,Nifty 500,23617.2,AngelOne
2025-07-01,Nifty 500,23615.45,AngelOne
2025-07-02,Nifty 500,23547.25,AngelOne
2025-07-03,Nifty 500,23521.85,AngelOne
2025-07-04,Nifty 500,23562.45,AngelOne
2025-07-07,Nifty 500,23551.2,AngelOne
2025-07-08,Nifty 500,23572.55,AngelOne
2025-07-09,Nifty 500,23557.45,AngelOne
2025-07-10,Nifty 500,23471.4,AngelOne
2025-07-11,Nifty 500,23282.7,AngelOne
2025-07-14,Nifty 500,23309.05,AngelOne
2025-07-15,Nifty 500,23449.15,AngelOne
2025-07-16,Nifty 500,23472.5,AngelOne
2025-07-17,Nifty 500,23419.7,AngelOne
2025-07-18,Nifty 500,23275.15,AngelOne
2025-07-21,Nifty 500,23378.45,AngelOne
2025-07-22,Nifty 500,23320.9,AngelOne
2025-07-23,Nifty 500,23428.4,AngelOne
2025-07-24,Nifty 500,23301.1,AngelOne
2025-07-25,Nifty 500,23014.8,AngelOne
2025-07-28,Nifty 500,22846.95,AngelOne
2025-07-29,Nifty 500,23007.35,AngelOne
2025-07-30,Nifty 500,23033.55,AngelOne
2025-07-31,Nifty 500,22914.95,AngelOne
2025-08-01,Nifty 500,22673.65,AngelOne
2025-08-04,Nifty 500,22860.4,AngelOne
2025-08-05,Nifty 500,22798.5,AngelOne
2025-08-06,Nifty 500,22666.85,AngelOne
2025-08-07,Nifty 500,22694.1,AngelOne
2025-08-08,Nifty 500,22443.15,AngelOne
2025-08-11,Nifty 500,22633.45,AngelOne
2025-08-12,Nifty 500,22568.6,AngelOne
2025-08-13,Nifty 500,22698.1,AngelOne
2025-08-14,Nifty 500,22680.25,AngelOne
2025-08-18,Nifty 500,22931.5,AngelOne
2025-08-19,Nifty 500,23066.6,AngelOne
2025-08-20,Nifty 500,23143.15,AngelOne
2025-08-21,Nifty 500,23137.15,AngelOne
2025-08-22,Nifty 500,22991.3,AngelOne
2025-08-25,Nifty 500,23052.0,AngelOne
2025-08-26,Nifty 500,22768.65,AngelOne
2025-08-28,Nifty 500,22541.65,AngelOne
2025-08-29,Nifty 500,22462.95,AngelOne
2025-09-01,Nifty 500,22713.55,AngelOne
2025-09-02,Nifty 500,22724.4,AngelOne
2025-09-03,Nifty 500,22864.65,AngelOne
2025-09-04,Nifty 500,22819.65,AngelOne
2025-09-05,Nifty 500,22829.15,AngelOne
2025-09-08,Nifty 500,22878.65,AngelOne
2025-09-09,Nifty 500,22949.1,AngelOne
2025-09-10,Nifty 500,23074.15,AngelOne
2025-09-11,Nifty 500,23102.65,AngelOne
2025-09-12,Nifty 500,23190.25,AngelOne
2025-09-15,Nifty 500,23215.85,AngelOne
2025-09-16,Nifty 500,23369.3,AngelOne
2025-09-17,Nifty 500,23445.2,AngelOne
2025-09-18,Nifty 500,23518.9,AngelOne
2025-09-19,Nifty 500,23486.65,AngelOne
2025-09-22,Nifty 500,23381.45,AngelOne
2025-09-23,Nifty 500,23325.25,AngelOne
2025-09-24,Nifty 500,23178.25,AngelOne
2025-09-25,Nifty 500,23022.4,AngelOne
2025-09-26,Nifty 500,22713.15,AngelOne
2025-09-29,Nifty 500,22739.1,AngelOne
2025-09-30,Nifty 500,22734.1,AngelOne
2025-10-01,Nifty 500,22928.3,AngelOne
2025-10-03,Nifty 500,23027.7,AngelOne
2025-10-06,Nifty 500,23169.65,AngelOne
2025-10-07,Nifty 500,23209.5,AngelOne
2025-10-08,Nifty 500,23109.35,AngelOne
2025-10-09,Nifty 500,23241.75,AngelOne
2025-10-10,Nifty 500,23337.55,AngelOne
2025-10-13,Nifty 500,23294.8,AngelOne
2025-10-14,Nifty 500,23184.05,AngelOne
2025-10-15,Nifty 500,23377.35,AngelOne
2025-10-16,Nifty 500,23563.8,AngelOne
2025-10-17,Nifty 500,23598.05,AngelOne
2025-10-20,Nifty 500,23716.1,AngelOne
2025-10-21,Nifty 500,23759.2,AngelOne
2025-10-23,Nifty 500,23755.9,AngelOne
2025-10-24,Nifty 500,23686.6,AngelOne
2025-10-27,Nifty 500,23840.9,AngelOne
2025-10-28,Nifty 500,23812.55,AngelOne
2025-10-29,Nifty 500,23952.4,AngelOne
2025-10-30,Nifty 500,23841.3,AngelOne
2025-10-31,Nifty 500,23710.4,AngelOne
2025-11-03,Nifty 500,23810.7,AngelOne
2025-11-04,Nifty 500,23675.45,AngelOne
2025-11-06,Nifty 500,23513.15,AngelOne
2025-11-07,Nifty 500,23521.5,AngelOne
2025-11-10,Nifty 500,23596.9,AngelOne
2025-11-11,Nifty 500,23682.65,AngelOne
2025-11-12,Nifty 500,23836.9,AngelOne
2025-11-13,Nifty 500,23816.0,AngelOne
2025-11-14,Nifty 500,23836.35,AngelOne
2025-11-17,Nifty 500,23954.55,AngelOne
2025-11-18,Nifty 500,23824.65,AngelOne
2025-11-19,Nifty 500,23906.3,AngelOne
2025-11-20,Nifty 500,23975.45,AngelOne
2025-11-21,Nifty 500,23790.25,AngelOne
2025-11-24,Nifty 500,23674.55,AngelOne
2025-11-25,Nifty 500,23655.05,AngelOne
2025-11-26,Nifty 500,23955.2,AngelOne
2025-11-27,Nifty 500,23947.75,AngelOne
2025-11-28,Nifty 500,23933.2,AngelOne
2025-12-01,Nifty 500,23922.45,AngelOne
2025-12-02,Nifty 500,23822.25,AngelOne
2025-12-03,Nifty 500,23716.3,AngelOne
2025-12-04,Nifty 500,23741.1,AngelOne
2025-12-05,Nifty 500,23835.25,AngelOne
2025-12-08,Nifty 500,23526.2,AngelOne
2025-12-09,Nifty 500,23516.25,AngelOne
2025-12-10,Nifty 500,23408.8,AngelOne
2025-12-11,Nifty 500,23550.85,AngelOne
2025-12-12,Nifty 500,23726.2,AngelOne
2025-12-15,Nifty 500,23725.2,AngelOne
2025-12-16,Nifty 500,23570.15,AngelOne
2025-12-17,Nifty 500,23496.05,AngelOne
2025-12-18,Nifty 500,23491.5,AngelOne
2025-12-19,Nifty 500,23677.55,AngelOne
2025-12-22,Nifty 500,23867.65,AngelOne
2025-12-23,Nifty 500,23895.15,AngelOne
2025-12-24,Nifty 500,23850.25,AngelOne
2025-12-26,Nifty 500,23780.25,AngelOne
2025-12-29,Nifty 500,23682.1,AngelOne
2025-12-30,Nifty 500,23668.8,AngelOne
2025-12-31,Nifty 500,23871.55,AngelOne
2026-01-01,Nifty 500,23909.55,AngelOne
2026-01-02,Nifty 500,24099.0,AngelOne
2026-01-05,Nifty 500,24058.45,AngelOne
2026-01-06,Nifty 500,24010.5,AngelOne
2026-01-07,Nifty 500,24016.6,AngelOne
2026-01-08,Nifty 500,23680.1,AngelOne
2026-01-09,Nifty 500,23467.35,AngelOne
2026-01-12,Nifty 500,23510.45,AngelOne
2026-01-13,Nifty 500,23480.65,AngelOne
2026-01-14,Nifty 500,23475.85,AngelOne
2026-01-16,Nifty 500,23485.3,AngelOne
2026-01-19,Nifty 500,23373.75,AngelOne
2026-01-20,Nifty 500,22946.65,AngelOne
2026-01-21,Nifty 500,22835.15,AngelOne
2026-01-22,Nifty 500,23008.75,AngelOne
2026-01-23,Nifty 500,22706.2,AngelOne
2026-01-27,Nifty 500,22819.25,AngelOne
2026-01-28,Nifty 500,23082.1,AngelOne
2026-01-29,Nifty 500,23134.8,AngelOne
2026-01-30,Nifty 500,23079.5,AngelOne
2026-02-01,Nifty 500,22611.3,AngelOne
2026-02-02,Nifty 500,22837.0,AngelOne
2026-02-03,Nifty 500,23446.3,AngelOne
2026-02-04,Nifty 500,23534.95,AngelOne
2026-02-05,Nifty 500,23411.7,AngelOne
2026-02-06,Nifty 500,23434.0,AngelOne
2026-02-09,Nifty 500,23683.4,AngelOne
2026-02-10,Nifty 500,23753.75,AngelOne
2026-02-11,Nifty 500,23783.05,AngelOne
2026-02-12,Nifty 500,23651.55,AngelOne
2026-02-13,Nifty 500,23313.15,AngelOne
2026-02-16,Nifty 500,23472.45,AngelOne
2026-02-17,Nifty 500,23540.05,AngelOne
2026-02-18,Nifty 500,23645.8,AngelOne
2026-02-19,Nifty 500,23297.45,AngelOne
2026-02-20,Nifty 500,23395.0,AngelOne
2026-02-23,Nifty 500,23484.95,AngelOne
2026-02-24,Nifty 500,23304.6,AngelOne
2026-02-25,Nifty 500,23403.8,AngelOne
2026-02-26,Nifty 500,23448.5,AngelOne
2026-02-27,Nifty 500,23166.85,AngelOne
2026-03-02,Nifty 500,22835.95,AngelOne
2026-03-04,Nifty 500,22409.8,AngelOne
2026-03-05,Nifty 500,22697.8,AngelOne
2026-03-06,Nifty 500,22481.3,AngelOne
2026-03-09,Nifty 500,22056.55,AngelOne
2026-03-10,Nifty 500,22342.95,AngelOne
2026-03-11,Nifty 500,22042.3,AngelOne
2026-03-12,Nifty 500,21897.5,AngelOne
2026-03-13,Nifty 500,21391.2,AngelOne
2026-03-16,Nifty 500,21498.8,AngelOne
2026-03-17,Nifty 500,21669.3,AngelOne
2026-03-18,Nifty 500,21917.4,AngelOne
2026-03-19,Nifty 500,21225.8,AngelOne
2026-03-20,Nifty 500,21327.9,AngelOne
2026-03-23,Nifty 500,20664.25,AngelOne
2026-03-24,Nifty 500,21067.0,AngelOne
2026-03-25,Nifty 500,21478.2,AngelOne
2026-03-27,Nifty 500,21020.15,AngelOne
2026-03-30,Nifty 500,20528.05,AngelOne
2026-04-01,Nifty 500,20935.15,AngelOne
2026-04-02,Nifty 500,20938.35,AngelOne
2026-04-06,Nifty 500,21194.05,AngelOne
2026-04-07,Nifty 500,21296.45,AngelOne
2026-04-08,Nifty 500,22137.1,AngelOne
2026-04-09,Nifty 500,22037.5,AngelOne
2026-04-10,Nifty 500,22346.75,AngelOne
2026-04-13,Nifty 500,22179.05,AngelOne
2026-04-15,Nifty 500,22595.55,AngelOne
2026-04-17,Nifty 500,22836.15,AngelOne
2026-04-20,Nifty 500,22777.05,AngelOne
2026-04-22,Nifty 500,22981.95,AngelOne
2026-04-24,Nifty 500,22601.65,AngelOne
2026-04-27,Nifty 500,22763.95,AngelOne
2026-04-29,Nifty 500,22870.55,AngelOne
2025-06-19,Nifty Midcap 100,57159.95,AngelOne
2025-06-20,Nifty Midcap 100,57995.5,AngelOne
2025-06-23,Nifty Midcap 100,58206.8,AngelOne
2025-06-24,Nifty Midcap 100,58622.4,AngelOne
2025-06-25,Nifty Midcap 100,58881.7,AngelOne
2025-06-26,Nifty Midcap 100,59227.4,AngelOne
2025-06-27,Nifty Midcap 100,59385.15,AngelOne
2025-06-30,Nifty Midcap 100,59741.2,AngelOne
2025-07-01,Nifty Midcap 100,59750.05,AngelOne
2025-07-02,Nifty Midcap 100,59667.25,AngelOne
2025-07-03,Nifty Midcap 100,59683.25,AngelOne
2025-07-04,Nifty Midcap 100,59677.75,AngelOne
2025-07-07,Nifty Midcap 100,59515.75,AngelOne
2025-07-08,Nifty Midcap 100,59415.45,AngelOne
2025-07-09,Nifty Midcap 100,59339.6,AngelOne
2025-07-10,Nifty Midcap 100,59159.95,AngelOne
2025-07-11,Nifty Midcap 100,58642.2,AngelOne
2025-07-14,Nifty Midcap 100,59052.55,AngelOne
2025-07-15,Nifty Midcap 100,59612.65,AngelOne
2025-07-16,Nifty Midcap 100,59620.65,AngelOne
2025-07-17,Nifty Midcap 100,59519.1,AngelOne
2025-07-18,Nifty Midcap 100,59104.5,AngelOne
2025-07-21,Nifty Midcap 100,59468.35,AngelOne
2025-07-22,Nifty Midcap 100,59103.4,AngelOne
2025-07-23,Nifty Midcap 100,59307.1,AngelOne
2025-07-24,Nifty Midcap 100,58960.7,AngelOne
2025-07-25,Nifty Midcap 100,58009.45,AngelOne
2025-07-28,Nifty Midcap 100,57519.35,AngelOne
2025-07-29,Nifty Midcap 100,57984.85,AngelOne
2025-07-30,Nifty Midcap 100,57942.25,AngelOne
2025-07-31,Nifty Midcap 100,57400.55,AngelOne
2025-08-01,Nifty Midcap 100,56637.15,AngelOne
2025-08-04,Nifty Midcap 100,57432.35,AngelOne
2025-08-05,Nifty Midcap 100,57206.85,AngelOne
2025-08-06,Nifty Midcap 100,56749.75,AngelOne
2025-08-07,Nifty Midcap 100,56938.3,AngelOne
2025-08-08,Nifty Midcap 100,56002.2,AngelOne
2025-08-11,Nifty Midcap 100,56479.0,AngelOne
2025-08-12,Nifty Midcap 100,56324.85,AngelOne
2025-08-13,Nifty Midcap 100,56681.5,AngelOne
2025-08-14,Nifty Midcap 100,56504.25,AngelOne
2025-08-18,Nifty Midcap 100,57113.15,AngelOne
2025-08-19,Nifty Midcap 100,57664.65,AngelOne
2025-08-20,Nifty Midcap 100,57930.5,AngelOne
2025-08-21,Nifty Midcap 100,57708.95,AngelOne
2025-08-22,Nifty Midcap 100,57629.75,AngelOne
2025-08-25,Nifty Midcap 100,57701.5,AngelOne
2025-08-26,Nifty Midcap 100,56766.2,AngelOne
2025-08-28,Nifty Midcap 100,56047.5,AngelOne
2025-08-29,Nifty Midcap 100,55727.4,AngelOne
2025-09-01,Nifty Midcap 100,56825.5,AngelOne
2025-09-02,Nifty Midcap 100,56977.4,AngelOne
2025-09-03,Nifty Midcap 100,57345.5,AngelOne
2025-09-04,Nifty Midcap 100,56959.15,AngelOne
2025-09-05,Nifty Midcap 100,57075.2,AngelOne
2025-09-08,Nifty Midcap 100,57361.15,AngelOne
2025-09-09,Nifty Midcap 100,57464.35,AngelOne
2025-09-10,Nifty Midcap 100,57999.55,AngelOne
2025-09-11,Nifty Midcap 100,58043.55,AngelOne
2025-09-12,Nifty Midcap 100,58227.2,AngelOne
2025-09-15,Nifty Midcap 100,58486.1,AngelOne
2025-09-16,Nifty Midcap 100,58799.55,AngelOne
2025-09-17,Nifty Midcap 100,58848.55,AngelOne
2025-09-18,Nifty Midcap 100,59073.2,AngelOne
2025-09-19,Nifty Midcap 100,59094.35,AngelOne
2025-09-22,Nifty Midcap 100,58699.5,AngelOne
2025-09-23,Nifty Midcap 100,58496.6,AngelOne
2025-09-24,Nifty Midcap 100,57924.45,AngelOne
2025-09-25,Nifty Midcap 100,57555.9,AngelOne
2025-09-26,Nifty Midcap 100,56378.55,AngelOne
2025-09-29,Nifty Midcap 100,56533.15,AngelOne
2025-09-30,Nifty Midcap 100,56529.3,AngelOne
2025-10-01,Nifty Midcap 100,57029.7,AngelOne
2025-10-03,Nifty Midcap 100,57503.35,AngelOne
2025-10-06,Nifty Midcap 100,58015.1,AngelOne
2025-10-07,Nifty Midcap 100,58289.4,AngelOne
2025-10-08,Nifty Midcap 100,57866.75,AngelOne
2025-10-09,Nifty Midcap 100,58429.85,AngelOne
2025-10-10,Nifty Midcap 100,58697.4,AngelOne
2025-10-13,Nifty Midcap 100,58762.35,AngelOne
2025-10-14,Nifty Midcap 100,58324.4,AngelOne
2025-10-15,Nifty Midcap 100,58970.0,AngelOne
2025-10-16,Nifty Midcap 100,59241.15,AngelOne
2025-10-17,Nifty Midcap 100,58902.25,AngelOne
2025-10-20,Nifty Midcap 100,59344.5,AngelOne
2025-10-21,Nifty Midcap 100,59409.55,AngelOne
2025-10-23,Nifty Midcap 100,59371.25,AngelOne
2025-10-24,Nifty Midcap 100,59231.2,AngelOne
2025-10-27,Nifty Midcap 100,59780.15,AngelOne
2025-10-28,Nifty Midcap 100,59765.35,AngelOne
2025-10-29,Nifty Midcap 100,60149.05,AngelOne
2025-10-30,Nifty Midcap 100,60096.25,AngelOne
2025-10-31,Nifty Midcap 100,59825.9,AngelOne
2025-11-03,Nifty Midcap 100,60287.4,AngelOne
2025-11-04,Nifty Midcap 100,60037.2,AngelOne
2025-11-06,Nifty Midcap 100,59468.6,AngelOne
2025-11-07,Nifty Midcap 100,59843.15,AngelOne
2025-11-10,Nifty Midcap 100,60124.25,AngelOne
2025-11-11,Nifty Midcap 100,60427.0,AngelOne
2025-11-12,Nifty Midcap 100,60902.3,AngelOne
2025-11-13,Nifty Midcap 100,60692.05,AngelOne
2025-11-14,Nifty Midcap 100,60739.2,AngelOne
2025-11-17,Nifty Midcap 100,61180.5,AngelOne
2025-11-18,Nifty Midcap 100,60822.0,AngelOne
2025-11-19,Nifty Midcap 100,60949.05,AngelOne
2025-11-20,Nifty Midcap 100,60963.55,AngelOne
2025-11-21,Nifty Midcap 100,60276.3,AngelOne
2025-11-24,Nifty Midcap 100,60081.6,AngelOne
2025-11-25,Nifty Midcap 100,60298.0,AngelOne
2025-11-26,Nifty Midcap 100,61061.7,AngelOne
2025-11-27,Nifty Midcap 100,61113.15,AngelOne
2025-11-28,Nifty Midcap 100,61043.25,AngelOne
2025-12-01,Nifty Midcap 100,61043.4,AngelOne
2025-12-02,Nifty Midcap 100,60910.45,AngelOne
2025-12-03,Nifty Midcap 100,60315.65,AngelOne
2025-12-04,Nifty Midcap 100,60299.8,AngelOne
2025-12-05,Nifty Midcap 100,60594.6,AngelOne
2025-12-08,Nifty Midcap 100,59488.1,AngelOne
2025-12-09,Nifty Midcap 100,59676.2,AngelOne
2025-12-10,Nifty Midcap 100,59007.75,AngelOne
2025-12-11,Nifty Midcap 100,59578.05,AngelOne
2025-12-12,Nifty Midcap 100,60283.3,AngelOne
2025-12-15,Nifty Midcap 100,60212.8,AngelOne
2025-12-16,Nifty Midcap 100,59710.8,AngelOne
2025-12-17,Nifty Midcap 100,59388.85,AngelOne
2025-12-18,Nifty Midcap 100,59592.15,AngelOne
2025-12-19,Nifty Midcap 100,60310.15,AngelOne
2025-12-22,Nifty Midcap 100,60815.25,AngelOne
2025-12-23,Nifty Midcap 100,60816.1,AngelOne
2025-12-24,Nifty Midcap 100,60451.35,AngelOne
2025-12-26,Nifty Midcap 100,60314.45,AngelOne
2025-12-29,Nifty Midcap 100,60001.3,AngelOne
2025-12-30,Nifty Midcap 100,59914.25,AngelOne
2025-12-31,Nifty Midcap 100,60484.5,AngelOne
2026-01-01,Nifty Midcap 100,60750.45,AngelOne
2026-01-02,Nifty Midcap 100,61365.9,AngelOne
2026-01-05,Nifty Midcap 100,61265.7,AngelOne
2026-01-06,Nifty Midcap 100,61148.55,AngelOne
2026-01-07,Nifty Midcap 100,61424.7,AngelOne
2026-01-08,Nifty Midcap 100,60222.55,AngelOne
2026-01-09,Nifty Midcap 100,59748.15,AngelOne
2026-01-12,Nifty Midcap 100,59717.1,AngelOne
2026-01-13,Nifty Midcap 100,59597.8,AngelOne
2026-01-14,Nifty Midcap 100,59770.5,AngelOne
2026-01-16,Nifty Midcap 100,59867.8,AngelOne
2026-01-19,Nifty Midcap 100,59647.65,AngelOne
2026-01-20,Nifty Midcap 100,58085.35,AngelOne
2026-01-21,Nifty Midcap 100,57423.65,AngelOne
2026-01-22,Nifty Midcap 100,58191.3,AngelOne
2026-01-23,Nifty Midcap 100,57145.65,AngelOne
2026-01-27,Nifty Midcap 100,57483.65,AngelOne
2026-01-28,Nifty Midcap 100,58438.6,AngelOne
2026-01-29,Nifty Midcap 100,58541.0,AngelOne
2026-01-30,Nifty Midcap 100,58432.0,AngelOne
2026-02-01,Nifty Midcap 100,57120.8,AngelOne
2026-02-02,Nifty Midcap 100,57667.6,AngelOne
2026-02-03,Nifty Midcap 100,59307.1,AngelOne
2026-02-04,Nifty Midcap 100,59683.6,AngelOne
2026-02-05,Nifty Midcap 100,59517.1,AngelOne
2026-02-06,Nifty Midcap 100,59502.7,AngelOne
2026-02-09,Nifty Midcap 100,60441.15,AngelOne
2026-02-10,Nifty Midcap 100,60735.9,AngelOne
2026-02-11,Nifty Midcap 100,60754.55,AngelOne
2026-02-12,Nifty Midcap 100,60470.85,AngelOne
2026-02-13,Nifty Midcap 100,59438.0,AngelOne
2026-02-16,Nifty Midcap 100,59723.0,AngelOne
2026-02-17,Nifty Midcap 100,59881.7,AngelOne
2026-02-18,Nifty Midcap 100,60183.2,AngelOne
2026-02-19,Nifty Midcap 100,59227.65,AngelOne
2026-02-20,Nifty Midcap 100,59513.95,AngelOne
2026-02-23,Nifty Midcap 100,59255.65,AngelOne
2026-02-24,Nifty Midcap 100,59066.35,AngelOne
2026-02-25,Nifty Midcap 100,59406.1,AngelOne
2026-02-26,Nifty Midcap 100,59798.15,AngelOne
2026-02-27,Nifty Midcap 100,59115.6,AngelOne
2026-03-02,Nifty Midcap 100,58180.5,AngelOne
2026-03-04,Nifty Midcap 100,56925.15,AngelOne
2026-03-05,Nifty Midcap 100,57792.55,AngelOne
2026-03-06,Nifty Midcap 100,57393.35,AngelOne
2026-03-09,Nifty Midcap 100,56265.5,AngelOne
2026-03-10,Nifty Midcap 100,57177.65,AngelOne
2026-03-11,Nifty Midcap 100,56461.1,AngelOne
2026-03-12,Nifty Midcap 100,56253.75,AngelOne
2026-03-13,Nifty Midcap 100,54761.1,AngelOne
2026-03-16,Nifty Midcap 100,54614.95,AngelOne
2026-03-17,Nifty Midcap 100,55174.4,AngelOne
2026-03-18,Nifty Midcap 100,56289.85,AngelOne
2026-03-19,Nifty Midcap 100,54492.3,AngelOne
2026-03-20,Nifty Midcap 100,54855.5,AngelOne
2026-03-23,Nifty Midcap 100,52717.55,AngelOne
2026-03-24,Nifty Midcap 100,54087.0,AngelOne
2026-03-25,Nifty Midcap 100,55331.05,AngelOne
2026-03-27,Nifty Midcap 100,54097.8,AngelOne
2026-03-30,Nifty Midcap 100,52650.0,AngelOne
2026-04-01,Nifty Midcap 100,53819.15,AngelOne
2026-04-02,Nifty Midcap 100,53677.05,AngelOne
2026-04-06,Nifty Midcap 100,54492.65,AngelOne
2026-04-07,Nifty Midcap 100,54600.55,AngelOne
2026-04-08,Nifty Midcap 100,56799.5,AngelOne
2026-04-09,Nifty Midcap 100,56978.75,AngelOne
2026-04-10,Nifty Midcap 100,57843.95,AngelOne
2026-04-13,Nifty Midcap 100,57513.3,AngelOne
2026-04-15,Nifty Midcap 100,58777.75,AngelOne
2026-04-17,Nifty Midcap 100,59792.0,AngelOne
2026-04-20,Nifty Midcap 100,59671.5,AngelOne
2026-04-22,Nifty Midcap 100,60081.7,AngelOne
2026-04-24,Nifty Midcap 100,59518.75,AngelOne
2026-04-27,Nifty Midcap 100,60147.7,AngelOne
2026-04-29,Nifty Midcap 100,60740.95,AngelOne
2025-06-19,Nifty Midcap 50,16102.0,AngelOne
2025-06-20,Nifty Midcap 50,16357.25,AngelOne
2025-06-23,Nifty Midcap 50,16420.8,AngelOne
2025-06-24,Nifty Midcap 50,16557.5,AngelOne
2025-06-25,Nifty Midcap 50,16634.25,AngelOne
2025-06-26,Nifty Midcap 50,16745.05,AngelOne
2025-06-27,Nifty Midcap 50,16760.95,AngelOne
2025-06-30,Nifty Midcap 50,16846.2,AngelOne
2025-07-01,Nifty Midcap 50,16851.55,AngelOne
2025-07-02,Nifty Midcap 50,16840.2,AngelOne
2025-07-03,Nifty Midcap 50,16860.8,AngelOne
2025-07-04,Nifty Midcap 50,16841.15,AngelOne
2025-07-07,Nifty Midcap 50,16811.15,AngelOne
2025-07-08,Nifty Midcap 50,16776.1,AngelOne
2025-07-09,Nifty Midcap 50,16753.15,AngelOne
2025-07-10,Nifty Midcap 50,16675.65,AngelOne
2025-07-11,Nifty Midcap 50,16482.9,AngelOne
2025-07-14,Nifty Midcap 50,16620.3,AngelOne
2025-07-15,Nifty Midcap 50,16783.8,AngelOne
2025-07-16,Nifty Midcap 50,16776.25,AngelOne
2025-07-17,Nifty Midcap 50,16747.45,AngelOne
2025-07-18,Nifty Midcap 50,16645.4,AngelOne
2025-07-21,Nifty Midcap 50,16752.6,AngelOne
2025-07-22,Nifty Midcap 50,16621.15,AngelOne
2025-07-23,Nifty Midcap 50,16694.15,AngelOne
2025-07-24,Nifty Midcap 50,16566.85,AngelOne
2025-07-25,Nifty Midcap 50,16334.55,AngelOne
2025-07-28,Nifty Midcap 50,16254.45,AngelOne
2025-07-29,Nifty Midcap 50,16386.15,AngelOne
2025-07-30,Nifty Midcap 50,16367.75,AngelOne
2025-07-31,Nifty Midcap 50,16212.45,AngelOne
2025-08-01,Nifty Midcap 50,15963.15,AngelOne
2025-08-04,Nifty Midcap 50,16177.75,AngelOne
2025-08-05,Nifty Midcap 50,16084.5,AngelOne
2025-08-06,Nifty Midcap 50,15955.65,AngelOne
2025-08-07,Nifty Midcap 50,16034.05,AngelOne
2025-08-08,Nifty Midcap 50,15785.6,AngelOne
2025-08-11,Nifty Midcap 50,15922.25,AngelOne
2025-08-12,Nifty Midcap 50,15856.05,AngelOne
2025-08-13,Nifty Midcap 50,15996.6,AngelOne
2025-08-14,Nifty Midcap 50,15926.15,AngelOne
2025-08-18,Nifty Midcap 50,16136.95,AngelOne
2025-08-19,Nifty Midcap 50,16299.35,AngelOne
2025-08-20,Nifty Midcap 50,16392.35,AngelOne
2025-08-21,Nifty Midcap 50,16316.6,AngelOne
2025-08-22,Nifty Midcap 50,16306.85,AngelOne
2025-08-25,Nifty Midcap 50,16332.7,AngelOne
2025-08-26,Nifty Midcap 50,16020.4,AngelOne
2025-08-28,Nifty Midcap 50,15817.35,AngelOne
2025-08-29,Nifty Midcap 50,15714.75,AngelOne
2025-09-01,Nifty Midcap 50,16033.55,AngelOne
2025-09-02,Nifty Midcap 50,16068.9,AngelOne
2025-09-03,Nifty Midcap 50,16156.2,AngelOne
2025-09-04,Nifty Midcap 50,16069.1,AngelOne
2025-09-05,Nifty Midcap 50,16091.9,AngelOne
2025-09-08,Nifty Midcap 50,16163.35,AngelOne
2025-09-09,Nifty Midcap 50,16208.05,AngelOne
2025-09-10,Nifty Midcap 50,16361.7,AngelOne
2025-09-11,Nifty Midcap 50,16377.0,AngelOne
2025-09-12,Nifty Midcap 50,16430.05,AngelOne
2025-09-15,Nifty Midcap 50,16507.05,AngelOne
2025-09-16,Nifty Midcap 50,16600.45,AngelOne
2025-09-17,Nifty Midcap 50,16597.9,AngelOne
2025-09-18,Nifty Midcap 50,16658.9,AngelOne
2025-09-19,Nifty Midcap 50,16633.9,AngelOne
2025-09-22,Nifty Midcap 50,16511.45,AngelOne
2025-09-23,Nifty Midcap 50,16489.85,AngelOne
2025-09-24,Nifty Midcap 50,16313.75,AngelOne
2025-09-25,Nifty Midcap 50,16205.35,AngelOne
2025-09-26,Nifty Midcap 50,15902.3,AngelOne
2025-09-29,Nifty Midcap 50,15948.6,AngelOne
2025-09-30,Nifty Midcap 50,15945.4,AngelOne
2025-10-01,Nifty Midcap 50,16084.05,AngelOne
2025-10-03,Nifty Midcap 50,16199.85,AngelOne
2025-10-06,Nifty Midcap 50,16402.7,AngelOne
2025-10-07,Nifty Midcap 50,16474.0,AngelOne
2025-10-08,Nifty Midcap 50,16352.9,AngelOne
2025-10-09,Nifty Midcap 50,16522.4,AngelOne
2025-10-10,Nifty Midcap 50,16615.15,AngelOne
2025-10-13,Nifty Midcap 50,16653.9,AngelOne
2025-10-14,Nifty Midcap 50,16500.25,AngelOne
2025-10-15,Nifty Midcap 50,16678.15,AngelOne
2025-10-16,Nifty Midcap 50,16766.6,AngelOne
2025-10-17,Nifty Midcap 50,16668.75,AngelOne
2025-10-20,Nifty Midcap 50,16812.6,AngelOne
2025-10-21,Nifty Midcap 50,16814.25,AngelOne
2025-10-23,Nifty Midcap 50,16799.0,AngelOne
2025-10-24,Nifty Midcap 50,16736.8,AngelOne
2025-10-27,Nifty Midcap 50,16913.25,AngelOne
2025-10-28,Nifty Midcap 50,16931.25,AngelOne
2025-10-29,Nifty Midcap 50,17034.45,AngelOne
2025-10-30,Nifty Midcap 50,17052.25,AngelOne
2025-10-31,Nifty Midcap 50,17006.3,AngelOne
2025-11-03,Nifty Midcap 50,17135.65,AngelOne
2025-11-04,Nifty Midcap 50,17048.8,AngelOne
2025-11-06,Nifty Midcap 50,16931.35,AngelOne
2025-11-07,Nifty Midcap 50,17030.9,AngelOne
2025-11-10,Nifty Midcap 50,17097.45,AngelOne
2025-11-11,Nifty Midcap 50,17196.6,AngelOne
2025-11-12,Nifty Midcap 50,17339.65,AngelOne
2025-11-13,Nifty Midcap 50,17281.3,AngelOne
2025-11-14,Nifty Midcap 50,17299.7,AngelOne
2025-11-17,Nifty Midcap 50,17444.5,AngelOne
2025-11-18,Nifty Midcap 50,17337.65,AngelOne
2025-11-19,Nifty Midcap 50,17376.8,AngelOne
2025-11-20,Nifty Midcap 50,17376.35,AngelOne
2025-11-21,Nifty Midcap 50,17204.35,AngelOne
2025-11-24,Nifty Midcap 50,17092.55,AngelOne
2025-11-25,Nifty Midcap 50,17188.95,AngelOne
2025-11-26,Nifty Midcap 50,17424.1,AngelOne
2025-11-27,Nifty Midcap 50,17451.7,AngelOne
2025-11-28,Nifty Midcap 50,17423.05,AngelOne
2025-12-01,Nifty Midcap 50,17422.7,AngelOne
2025-12-02,Nifty Midcap 50,17382.1,AngelOne
2025-12-03,Nifty Midcap 50,17215.35,AngelOne
2025-12-04,Nifty Midcap 50,17252.35,AngelOne
2025-12-05,Nifty Midcap 50,17383.0,AngelOne
2025-12-08,Nifty Midcap 50,17085.65,AngelOne
2025-12-09,Nifty Midcap 50,17110.25,AngelOne
2025-12-10,Nifty Midcap 50,16918.75,AngelOne
2025-12-11,Nifty Midcap 50,17089.75,AngelOne
2025-12-12,Nifty Midcap 50,17276.2,AngelOne
2025-12-15,Nifty Midcap 50,17262.7,AngelOne
2025-12-16,Nifty Midcap 50,17114.5,AngelOne
2025-12-17,Nifty Midcap 50,17006.85,AngelOne
2025-12-18,Nifty Midcap 50,17091.85,AngelOne
2025-12-19,Nifty Midcap 50,17265.85,AngelOne
2025-12-22,Nifty Midcap 50,17397.9,AngelOne
2025-12-23,Nifty Midcap 50,17389.3,AngelOne
2025-12-24,Nifty Midcap 50,17248.2,AngelOne
2025-12-26,Nifty Midcap 50,17183.3,AngelOne
2025-12-29,Nifty Midcap 50,17096.9,AngelOne
2025-12-30,Nifty Midcap 50,17059.0,AngelOne
2025-12-31,Nifty Midcap 50,17254.05,AngelOne
2026-01-01,Nifty Midcap 50,17342.7,AngelOne
2026-01-02,Nifty Midcap 50,17505.7,AngelOne
2026-01-05,Nifty Midcap 50,17482.3,AngelOne
2026-01-06,Nifty Midcap 50,17471.35,AngelOne
2026-01-07,Nifty Midcap 50,17534.35,AngelOne
2026-01-08,Nifty Midcap 50,17215.45,AngelOne
2026-01-09,Nifty Midcap 50,17096.5,AngelOne
2026-01-12,Nifty Midcap 50,17085.4,AngelOne
2026-01-13,Nifty Midcap 50,17034.0,AngelOne
2026-01-14,Nifty Midcap 50,17054.25,AngelOne
2026-01-16,Nifty Midcap 50,17146.2,AngelOne
2026-01-19,Nifty Midcap 50,17103.0,AngelOne
2026-01-20,Nifty Midcap 50,16635.8,AngelOne
2026-01-21,Nifty Midcap 50,16453.55,AngelOne
2026-01-22,Nifty Midcap 50,16672.0,AngelOne
2026-01-23,Nifty Midcap 50,16348.15,AngelOne
2026-01-27,Nifty Midcap 50,16431.35,AngelOne
2026-01-28,Nifty Midcap 50,16703.05,AngelOne
2026-01-29,Nifty Midcap 50,16736.25,AngelOne
2026-01-30,Nifty Midcap 50,16693.25,AngelOne
2026-02-01,Nifty Midcap 50,16349.4,AngelOne
2026-02-02,Nifty Midcap 50,16549.3,AngelOne
2026-02-03,Nifty Midcap 50,17013.2,AngelOne
2026-02-04,Nifty Midcap 50,17123.4,AngelOne
2026-02-05,Nifty Midcap 50,17084.95,AngelOne
2026-02-06,Nifty Midcap 50,17023.3,AngelOne
2026-02-09,Nifty Midcap 50,17249.15,AngelOne
2026-02-10,Nifty Midcap 50,17303.95,AngelOne
2026-02-11,Nifty Midcap 50,17330.05,AngelOne
2026-02-12,Nifty Midcap 50,17251.5,AngelOne
2026-02-13,Nifty Midcap 50,16960.45,AngelOne
2026-02-16,Nifty Midcap 50,17025.7,AngelOne
2026-02-17,Nifty Midcap 50,17048.95,AngelOne
2026-02-18,Nifty Midcap 50,17123.45,AngelOne
2026-02-19,Nifty Midcap 50,16844.25,AngelOne
2026-02-20,Nifty Midcap 50,16912.35,AngelOne
2026-02-23,Nifty Midcap 50,16772.4,AngelOne
2026-02-24,Nifty Midcap 50,16718.75,AngelOne
2026-02-25,Nifty Midcap 50,16828.7,AngelOne
2026-02-26,Nifty Midcap 50,16945.05,AngelOne
2026-02-27,Nifty Midcap 50,16765.6,AngelOne
2026-03-02,Nifty Midcap 50,16520.35,AngelOne
2026-03-04,Nifty Midcap 50,16198.95,AngelOne
2026-03-05,Nifty Midcap 50,16441.55,AngelOne
2026-03-06,Nifty Midcap 50,16300.85,AngelOne
2026-03-09,Nifty Midcap 50,16005.45,AngelOne
2026-03-10,Nifty Midcap 50,16262.25,AngelOne
2026-03-11,Nifty Midcap 50,15991.65,AngelOne
2026-03-12,Nifty Midcap 50,15922.2,AngelOne
2026-03-13,Nifty Midcap 50,15523.7,AngelOne
2026-03-16,Nifty Midcap 50,15497.0,AngelOne
2026-03-17,Nifty Midcap 50,15656.75,AngelOne
2026-03-18,Nifty Midcap 50,15983.45,AngelOne
2026-03-19,Nifty Midcap 50,15458.0,AngelOne
2026-03-20,Nifty Midcap 50,15572.6,AngelOne
2026-03-23,Nifty Midcap 50,15000.5,AngelOne
2026-03-24,Nifty Midcap 50,15411.75,AngelOne
2026-03-25,Nifty Midcap 50,15731.45,AngelOne
2026-03-27,Nifty Midcap 50,15396.1,AngelOne
2026-03-30,Nifty Midcap 50,14983.35,AngelOne
2026-04-01,Nifty Midcap 50,15295.45,AngelOne
2026-04-02,Nifty Midcap 50,15270.5,AngelOne
2026-04-06,Nifty Midcap 50,15507.2,AngelOne
2026-04-07,Nifty Midcap 50,15573.8,AngelOne
2026-04-08,Nifty Midcap 50,16210.35,AngelOne
2026-04-09,Nifty Midcap 50,16246.35,AngelOne
2026-04-10,Nifty Midcap 50,16452.4,AngelOne
2026-04-13,Nifty Midcap 50,16326.3,AngelOne
2026-04-15,Nifty Midcap 50,16699.4,AngelOne
2026-04-17,Nifty Midcap 50,16980.3,AngelOne
2026-04-20,Nifty Midcap 50,16962.25,AngelOne
2026-04-22,Nifty Midcap 50,17046.3,AngelOne
2026-04-24,Nifty Midcap 50,16811.3,AngelOne
2026-04-27,Nifty Midcap 50,16945.0,AngelOne
2026-04-29,Nifty Midcap 50,17131.6,AngelOne
2025-06-18,US 10Y Yield,4.396999835968018,yfinance
2025-06-20,US 10Y Yield,4.375,yfinance
2025-06-23,US 10Y Yield,4.320000171661377,yfinance
2025-06-24,US 10Y Yield,4.293000221252441,yfinance
2025-06-25,US 10Y Yield,4.293000221252441,yfinance
2025-06-26,US 10Y Yield,4.252999782562256,yfinance
2025-06-27,US 10Y Yield,4.2829999923706055,yfinance
2025-06-30,US 10Y Yield,4.230000019073486,yfinance
2025-07-01,US 10Y Yield,4.250999927520752,yfinance
2025-07-02,US 10Y Yield,4.293000221252441,yfinance
2025-07-03,US 10Y Yield,4.3480000495910645,yfinance
2025-07-07,US 10Y Yield,4.394999980926514,yfinance
2025-07-08,US 10Y Yield,4.414999961853027,yfinance
2025-07-09,US 10Y Yield,4.3420000076293945,yfinance
2025-07-10,US 10Y Yield,4.3460001945495605,yfinance
2025-07-11,US 10Y Yield,4.422999858856201,yfinance
2025-07-14,US 10Y Yield,4.427000045776367,yfinance
2025-07-15,US 10Y Yield,4.488999843597412,yfinance
2025-07-16,US 10Y Yield,4.454999923706055,yfinance
2025-07-17,US 10Y Yield,4.4629998207092285,yfinance
2025-07-18,US 10Y Yield,4.432000160217285,yfinance
2025-07-21,US 10Y Yield,4.372000217437744,yfinance
2025-07-22,US 10Y Yield,4.335999965667725,yfinance
2025-07-23,US 10Y Yield,4.388000011444092,yfinance
2025-07-24,US 10Y Yield,4.4079999923706055,yfinance
2025-07-25,US 10Y Yield,4.386000156402588,yfinance
2025-07-28,US 10Y Yield,4.420000076293945,yfinance
2025-07-29,US 10Y Yield,4.329999923706055,yfinance
2025-07-30,US 10Y Yield,4.375999927520752,yfinance
2025-07-31,US 10Y Yield,4.360000133514404,yfinance
2025-08-01,US 10Y Yield,4.21999979019165,yfinance
2025-08-04,US 10Y Yield,4.199999809265137,yfinance
2025-08-05,US 10Y Yield,4.196000099182129,yfinance
2025-08-06,US 10Y Yield,4.21999979019165,yfinance
2025-08-07,US 10Y Yield,4.24399995803833,yfinance
2025-08-08,US 10Y Yield,4.284999847412109,yfinance
2025-08-11,US 10Y Yield,4.2729997634887695,yfinance
2025-08-12,US 10Y Yield,4.293000221252441,yfinance
2025-08-13,US 10Y Yield,4.23799991607666,yfinance
2025-08-14,US 10Y Yield,4.293000221252441,yfinance
2025-08-15,US 10Y Yield,4.328000068664551,yfinance
2025-08-18,US 10Y Yield,4.341000080108643,yfinance
2025-08-19,US 10Y Yield,4.302000045776367,yfinance
2025-08-20,US 10Y Yield,4.296000003814697,yfinance
2025-08-21,US 10Y Yield,4.329999923706055,yfinance
2025-08-22,US 10Y Yield,4.260000228881836,yfinance
2025-08-25,US 10Y Yield,4.275000095367432,yfinance
2025-08-26,US 10Y Yield,4.257999897003174,yfinance
2025-08-27,US 10Y Yield,4.23799991607666,yfinance
2025-08-28,US 10Y Yield,4.206999778747559,yfinance
2025-08-29,US 10Y Yield,4.2270002365112305,yfinance
2025-09-02,US 10Y Yield,4.2769999504089355,yfinance
2025-09-03,US 10Y Yield,4.210999965667725,yfinance
2025-09-04,US 10Y Yield,4.176000118255615,yfinance
2025-09-05,US 10Y Yield,4.085999965667725,yfinance
2025-09-08,US 10Y Yield,4.046000003814697,yfinance
2025-09-09,US 10Y Yield,4.073999881744385,yfinance
2025-09-10,US 10Y Yield,4.0320000648498535,yfinance
2025-09-11,US 10Y Yield,4.011000156402588,yfinance
2025-09-12,US 10Y Yield,4.060999870300293,yfinance
2025-09-15,US 10Y Yield,4.033999919891357,yfinance
2025-09-16,US 10Y Yield,4.026000022888184,yfinance
2025-09-17,US 10Y Yield,4.076000213623047,yfinance
2025-09-18,US 10Y Yield,4.104000091552734,yfinance
2025-09-19,US 10Y Yield,4.138999938964844,yfinance
2025-09-22,US 10Y Yield,4.14300012588501,yfinance
2025-09-23,US 10Y Yield,4.119999885559082,yfinance
2025-09-24,US 10Y Yield,4.146999835968018,yfinance
2025-09-25,US 10Y Yield,4.171999931335449,yfinance
2025-09-26,US 10Y Yield,4.186999797821045,yfinance
2025-09-29,US 10Y Yield,4.140999794006348,yfinance
2025-09-30,US 10Y Yield,4.1479997634887695,yfinance
2025-10-01,US 10Y Yield,4.105999946594238,yfinance
2025-10-02,US 10Y Yield,4.0879998207092285,yfinance
2025-10-03,US 10Y Yield,4.11899995803833,yfinance
2025-10-06,US 10Y Yield,4.1620001792907715,yfinance
2025-10-07,US 10Y Yield,4.126999855041504,yfinance
2025-10-08,US 10Y Yield,4.129000186920166,yfinance
2025-10-09,US 10Y Yield,4.1479997634887695,yfinance
2025-10-10,US 10Y Yield,4.051000118255615,yfinance
2025-10-13,US 10Y Yield,4.051000118255615,yfinance
2025-10-14,US 10Y Yield,4.021999835968018,yfinance
2025-10-15,US 10Y Yield,4.046000003814697,yfinance
2025-10-16,US 10Y Yield,3.9760000705718994,yfinance
2025-10-17,US 10Y Yield,4.006999969482422,yfinance
2025-10-20,US 10Y Yield,3.9860000610351562,yfinance
2025-10-21,US 10Y Yield,3.9630000591278076,yfinance
2025-10-22,US 10Y Yield,3.953000068664551,yfinance
2025-10-23,US 10Y Yield,3.990999937057495,yfinance
2025-10-24,US 10Y Yield,3.996999979019165,yfinance
2025-10-27,US 10Y Yield,3.996999979019165,yfinance
2025-10-28,US 10Y Yield,3.9830000400543213,yfinance
2025-10-29,US 10Y Yield,4.058000087738037,yfinance
2025-10-30,US 10Y Yield,4.0929999351501465,yfinance
2025-10-31,US 10Y Yield,4.10099983215332,yfinance
2025-11-03,US 10Y Yield,4.105999946594238,yfinance
2025-11-04,US 10Y Yield,4.089000225067139,yfinance
2025-11-05,US 10Y Yield,4.1570000648498535,yfinance
2025-11-06,US 10Y Yield,4.0929999351501465,yfinance
2025-11-07,US 10Y Yield,4.0929999351501465,yfinance
2025-11-10,US 10Y Yield,4.110000133514404,yfinance
2025-11-11,US 10Y Yield,4.119999885559082,yfinance
2025-11-12,US 10Y Yield,4.065000057220459,yfinance
2025-11-13,US 10Y Yield,4.111999988555908,yfinance
2025-11-14,US 10Y Yield,4.1479997634887695,yfinance
2025-11-17,US 10Y Yield,4.132999897003174,yfinance
2025-11-18,US 10Y Yield,4.123000144958496,yfinance
2025-11-19,US 10Y Yield,4.132999897003174,yfinance
2025-11-20,US 10Y Yield,4.105999946594238,yfinance
2025-11-21,US 10Y Yield,4.063000202178955,yfinance
2025-11-24,US 10Y Yield,4.038000106811523,yfinance
2025-11-25,US 10Y Yield,4.001999855041504,yfinance
2025-11-26,US 10Y Yield,3.997999906539917,yfinance
2025-11-28,US 10Y Yield,4.017000198364258,yfinance
2025-12-01,US 10Y Yield,4.0960001945495605,yfinance
2025-12-02,US 10Y Yield,4.085999965667725,yfinance
2025-12-03,US 10Y Yield,4.057000160217285,yfinance
2025-12-04,US 10Y Yield,4.107999801635742,yfinance
2025-12-05,US 10Y Yield,4.138999938964844,yfinance
2025-12-08,US 10Y Yield,4.171999931335449,yfinance
2025-12-09,US 10Y Yield,4.185999870300293,yfinance
2025-12-10,US 10Y Yield,4.164000034332275,yfinance
2025-12-11,US 10Y Yield,4.140999794006348,yfinance
2025-12-12,US 10Y Yield,4.193999767303467,yfinance
2025-12-15,US 10Y Yield,4.182000160217285,yfinance
2025-12-16,US 10Y Yield,4.14900016784668,yfinance
2025-12-17,US 10Y Yield,4.151000022888184,yfinance
2025-12-18,US 10Y Yield,4.116000175476074,yfinance
2025-12-19,US 10Y Yield,4.151000022888184,yfinance
2025-12-22,US 10Y Yield,4.169000148773193,yfinance
2025-12-23,US 10Y Yield,4.169000148773193,yfinance
2025-12-24,US 10Y Yield,4.136000156402588,yfinance
2025-12-26,US 10Y Yield,4.136000156402588,yfinance
2025-12-29,US 10Y Yield,4.116000175476074,yfinance
2025-12-30,US 10Y Yield,4.130000114440918,yfinance
2025-12-31,US 10Y Yield,4.163000106811523,yfinance
2026-01-02,US 10Y Yield,4.186999797821045,yfinance
2026-01-05,US 10Y Yield,4.164999961853027,yfinance
2026-01-06,US 10Y Yield,4.178999900817871,yfinance
2026-01-07,US 10Y Yield,4.138000011444092,yfinance
2026-01-08,US 10Y Yield,4.183000087738037,yfinance
2026-01-09,US 10Y Yield,4.171000003814697,yfinance
2026-01-12,US 10Y Yield,4.186999797821045,yfinance
2026-01-13,US 10Y Yield,4.171000003814697,yfinance
2026-01-14,US 10Y Yield,4.139999866485596,yfinance
2026-01-15,US 10Y Yield,4.159999847412109,yfinance
2026-01-16,US 10Y Yield,4.230999946594238,yfinance
2026-01-20,US 10Y Yield,4.295000076293945,yfinance
2026-01-21,US 10Y Yield,4.252999782562256,yfinance
2026-01-22,US 10Y Yield,4.249000072479248,yfinance
2026-01-23,US 10Y Yield,4.238999843597412,yfinance
2026-01-26,US 10Y Yield,4.2129998207092285,yfinance
2026-01-27,US 10Y Yield,4.2230000495910645,yfinance
2026-01-28,US 10Y Yield,4.250999927520752,yfinance
2026-01-29,US 10Y Yield,4.2270002365112305,yfinance
2026-01-30,US 10Y Yield,4.241000175476074,yfinance
2026-02-02,US 10Y Yield,4.275000095367432,yfinance
2026-02-03,US 10Y Yield,4.27400016784668,yfinance
2026-02-04,US 10Y Yield,4.275000095367432,yfinance
2026-02-05,US 10Y Yield,4.210000038146973,yfinance
2026-02-06,US 10Y Yield,4.205999851226807,yfinance
2026-02-09,US 10Y Yield,4.197999954223633,yfinance
2026-02-10,US 10Y Yield,4.146999835968018,yfinance
2026-02-11,US 10Y Yield,4.171999931335449,yfinance
2026-02-12,US 10Y Yield,4.104000091552734,yfinance
2026-02-13,US 10Y Yield,4.056000232696533,yfinance
2026-02-17,US 10Y Yield,4.052000045776367,yfinance
2026-02-18,US 10Y Yield,4.078999996185303,yfinance
2026-02-19,US 10Y Yield,4.074999809265137,yfinance
2026-02-20,US 10Y Yield,4.085999965667725,yfinance
2026-02-23,US 10Y Yield,4.0289998054504395,yfinance
2026-02-24,US 10Y Yield,4.0329999923706055,yfinance
2026-02-25,US 10Y Yield,4.047999858856201,yfinance
2026-02-26,US 10Y Yield,4.017000198364258,yfinance
2026-02-27,US 10Y Yield,3.9619998931884766,yfinance
2026-03-02,US 10Y Yield,4.047999858856201,yfinance
2026-03-03,US 10Y Yield,4.056000232696533,yfinance
2026-03-04,US 10Y Yield,4.079999923706055,yfinance
2026-03-05,US 10Y Yield,4.145999908447266,yfinance
2026-03-06,US 10Y Yield,4.132999897003174,yfinance
2026-03-09,US 10Y Yield,4.136000156402588,yfinance
2026-03-10,US 10Y Yield,4.136000156402588,yfinance
2026-03-11,US 10Y Yield,4.208000183105469,yfinance
2026-03-12,US 10Y Yield,4.2729997634887695,yfinance
2026-03-13,US 10Y Yield,4.284999847412109,yfinance
2026-03-16,US 10Y Yield,4.21999979019165,yfinance
2026-03-17,US 10Y Yield,4.202000141143799,yfinance
2026-03-18,US 10Y Yield,4.258999824523926,yfinance
2026-03-19,US 10Y Yield,4.281000137329102,yfinance
2026-03-20,US 10Y Yield,4.390999794006348,yfinance
2026-03-23,US 10Y Yield,4.334000110626221,yfinance
2026-03-24,US 10Y Yield,4.392000198364258,yfinance
2026-03-25,US 10Y Yield,4.328000068664551,yfinance
2026-03-26,US 10Y Yield,4.415999889373779,yfinance
2026-03-27,US 10Y Yield,4.440000057220459,yfinance
2026-03-30,US 10Y Yield,4.3420000076293945,yfinance
2026-03-31,US 10Y Yield,4.310999870300293,yfinance
2026-04-01,US 10Y Yield,4.318999767303467,yfinance
2026-04-02,US 10Y Yield,4.313000202178955,yfinance
2026-04-06,US 10Y Yield,4.335000038146973,yfinance
2026-04-07,US 10Y Yield,4.3429999351501465,yfinance
2026-04-08,US 10Y Yield,4.290999889373779,yfinance
2026-04-09,US 10Y Yield,4.293000221252441,yfinance
2026-04-10,US 10Y Yield,4.316999912261963,yfinance
2026-04-13,US 10Y Yield,4.296999931335449,yfinance
2026-04-14,US 10Y Yield,4.25600004196167,yfinance
2026-04-15,US 10Y Yield,4.27400016784668,yfinance
2026-04-16,US 10Y Yield,4.293000221252441,yfinance
2026-04-17,US 10Y Yield,4.248000144958496,yfinance
2026-04-20,US 10Y Yield,4.25,yfinance
2026-04-21,US 10Y Yield,4.2860002517700195,yfinance
2026-04-22,US 10Y Yield,4.2860002517700195,yfinance
2026-04-23,US 10Y Yield,4.288000106811523,yfinance
2026-04-24,US 10Y Yield,4.309999942779541,yfinance
2026-04-27,US 10Y Yield,4.331999778747559,yfinance
2026-04-28,US 10Y Yield,4.354000091552734,yfinance
2026-04-29,US 10Y Yield,4.4019999504089355,yfinance
